water_system_no,water_system_name,type,status,county,source_type,link
SC7777,123 WATER,,A,,,
SC0874019,"1250 OLD GILLIARD, LLC (SC0874019",NC,A,BERKELEY,GW,
SC2174000,341 EXPRESS (SC2174000),NC,A,FLORENCE,GW,
SC4570950,4 WAY STOP (SC4570950),NC,A,WILLIAMSBURG,GW,
SC4060012,611 HARMON LLC (SC4060012),C,A,RICHLAND,GW,
SC3870921,76 GAS STATION (SC3870921),NC,A,ORANGEBURG,GW,
SC4074011,7730 BLUFF ROAD CONVENIENCE (SC4074011),NC,A,RICHLAND,GW,
SC0110001,ABBEVILLE CITY OF (SC0110001),C,A,ABBEVILLE,SW,
SC013000,ABC,,A,,,
SC075555,ABC,,A,,,
SC1070148,ADAMS RUN CIVIC CENTER (SC1070148),NTNC,A,CHARLESTON,GW,
SC4660115,ADNAH HILLS MHP (SC4660115),C,A,YORK,GW,
SC0670924,ADVENTURE FARMS (SC0670924),NC,A,BARNWELL,GW,
SC0210001,AIKEN CITY OF (SC0210001),C,A,AIKEN,SW,
SC0250009,AIKEN-VALE SVC C CITY OF (SC0250009),C,A,AIKEN,GW,
SC4672003,AK'S MART (SC4672003),NC,A,YORK,GW,
SC0320002,ALLENDALE INDUSTRIAL PARK (SC0320002),C,A,ALLENDALE,GW,
SC0310001,ALLENDALE TOWN OF (SC0310001),C,A,ALLENDALE,GW,
SC1320004,ALLIGATOR RURAL WATER (SC1320004),C,A,CHESTERFIELD,GW,
SC4070940,AM PM QUICK STOP (SC4070940),NC,A,RICHLAND,GW,
SC0770050,AMI KIDS-BEAUFORT (0770050),NC,A,BEAUFORT,GW,
SC2270906,AMI KIDS-GEORGETOWN (2270906),NTNC,A,GEORGETOWN,GW,
SC3250077,AMICKS FERRY WTR SYSTEM (SC3250077),C,A,LEXINGTON,SWP,
SC3830002,AMRIZE (SC3830002),NTNC,A,ORANGEBURG,GW,
SC0420011,ANDERSON REGIONAL JOINT WS (SC0420011),C,A,ANDERSON,SW,
SC0570100,ANDREW JACKSON ACADEMY (0570100),NTNC,A,BAMBERG,GW,
SC2210003,ANDREWS TOWN OF (SC2210003),C,A,GEORGETOWN,GW,
SC0870809,ANGELS CAMPGROUND I (SC0870809),NC,A,BERKELEY,GW,
SC0870810,ANGELS CAMPGROUND II (0870810),NC,A,BERKELEY,GW,
SC0870215,ANGELS LANDING RESTAURANT (SC0870215),NC,A,BERKELEY,GW,
SC0870805,ANGELS TRAILER PARK (SC0870805),NC,A,BERKELEY,GW,
SC0330001,ARCHROMA US INC (0330001),NTNC,A,ALLENDALE,GW,
SC0870408,ARROWHEAD MOTEL AND CG (0870408),NC,A,BERKELEY,GW,
SC2370678,ASBURY HILL UMC CAMP (SC2370678),NC,A,GREENVILLE,GW,
SC0270402,ASHLEY MOTOR MOTEL (SC0270402),NC,A,AIKEN,GW,
SC0270915,ATTA (SC0270915),NC,A,AIKEN,GW,
SC3970204,AUNT SUE'S COUNTRY STORE,NC,A,PICKENS,GW,
SC1010504,AWENDAW TOWN OF (SC1010504),C,A,CHARLESTON,GW,
SC2670925,B&B MIDLAND MARKET (2670925),NC,A,HORRY,GW,
SC0572002,B&D BBQ (SC0572002),NC,A,BAMBERG,GW,
SC2370908,BALD ROCK HOA (SC2370908),NTNC,A,GREENVILLE,GW,
SC0510001,BAMBERG PUBLIC WORKS (SC0510001),C,A,BAMBERG,GW,
SC2170915,BANDITS CASH & CARRY (SC2170915),NC,A,FLORENCE,GW,
SC4170802,BARN CAMPGROUND (SC4170802),NC,A,SALUDA,GW,
SC0610001,BARNWELL TOWN OF (SC0610001),C,A,BARNWELL,GW,
SC0770233,BARONY HOUSE/THE INN (SC0770233),NC,A,BEAUFORT,GW,
SC1420002,BARRINEAU WATER SYSTEM (SC1420002),C,A,CLARENDON,GW,
SC3260164,BASIN ROCK MHP (SC3260164),C,A,LEXINGTON,GW,
SC3210002,BATESBURG LEESVILLE DPW (SC3210002),C,A,LEXINGTON,SWP,
SC0220003,BATH W&SD (SC0220003),C,A,AIKEN,GW,
SC4050031,BAY CAPITAL WATER WORKS (SC4050031),C,A,RICHLAND,GW,
SC3750027,BAY RIDGE S/D (SC3750027),C,A,OCONEE,GW,
SC0820009,BCWSA EAST COOPER (SC0820009),C,A,BERKELEY,SWP,
SC0820004,BCWSA LAKE MOULTRIE ESTATES (0820004),C,A,BERKELEY,SWP,
SC0874018,BCWSA MT HOLLY (SC0874018),NTNC,A,BERKELEY,SWP,
SC0820002,BCWSA SANGAREE W/D (0820002),C,A,BERKELEY,SWP,
SC0850018,BCWSA SINEATH MHP (0850018),C,A,BERKELEY,SWP,
SC4672022,BEAR'S DEN THE (SC4672022),NC,A,YORK,GW,
SC0772001,BEAUFORT CO BOAT LNDNG-DAUFUSKIE(0772001,NC,A,BEAUFORT,GW,
SC0760016,BEAUFORT MHP (0760016),C,A,BEAUFORT,GW,
SC0220004,BEECH ISLAND W/D (SC0220004),C,A,AIKEN,GW,
SC2370802,BEECH SPRINGS CAMPGROUND (SC2370802),NC,A,GREENVILLE,GW,
SC4060009,BEL AIR MHP (SC4060009),C,A,RICHLAND,GW,
SC3870418,BELLS MARINA 1 (SC3870418),NC,A,ORANGEBURG,GW,
SC0410004,BELTON CITY OF (SC0410004),C,A,ANDERSON,SWP,
SC0470909,BELTON GUN CLUB INC (0470909),NC,A,ANDERSON,GW,
SC0410011,BELTON-HONEA PATH WA (SC0410011),C,A,ANDERSON,SW,
SC3410001,BENNETTSVILLE CITY OF (SC3410001),C,A,MARLBORO,SW,
SC1030028,BERKELEY ELECTRIC COOP (1030028),NTNC,A,CHARLESTON,GW,
SC0870202,BERKELEY YACHT CLUB (SC0870202),NC,A,BERKELEY,GW,
SC4670900,BETHELWOODS CENTER (SC4670900),NC,A,YORK,GW,
SC4670120,BETHESDA PRSBYTRN CHILD DVLPMNT(4670120),NTNC,A,YORK,GW,
SC3920003,BETHLEHEM-ROANOKE W/D (SC3920003),C,A,PICKENS,SWP,
SC2820006,BETHUNE RURAL WATER (SC2820006),C,A,KERSHAW,GW,
SC2810002,BETHUNE TOWN OF (SC2810002),C,A,KERSHAW,GW,
SC4650018,BGWC BARNEY RHETT (SC4650018),C,A,YORK,SWP,
SC0450016,BGWC BELLE MEAD ACRES (SC0450016),C,A,ANDERSON,SWP,
SC3250031,BGWC BELLEMEAD S/D (3250031),C,A,LEXINGTON,GW,
SC0450033,BGWC BRIDGEWATER (SC0450033),C,A,ANDERSON,SWP,
SC4650061,BGWC BROWN BOROUGH (SC4650061),C,A,YORK,GW,
SC4650047,BGWC BROWN NEAL (SC4650047),C,A,YORK,GW,
SC0450014,BGWC CALHOUN ACRES (SC0450014),C,A,ANDERSON,SWP,
SC4650059,BGWC CAMERON ACRES (SC4650059),C,A,YORK,GW,
SC4650035,BGWC CAROWOOD (SC4650035),C,A,YORK,GW,
SC4650062,BGWC CARROLLTON PLACE S/D (SC4650062),C,A,YORK,GW,
SC3250047,BGWC CEDARWOOD (SC3250047),C,A,LEXINGTON,GW,
SC4050008,BGWC CHARLESWOOD S/D (4050008),C,A,RICHLAND,SWP,
SC3250035,BGWC CHARWOOD S/D (3250035),C,A,LEXINGTON,GW,
SC0450026,BGWC CLEARVIEW (SC0450026),C,A,ANDERSON,SWP,
SC4650020,BGWC COUNTRY OAKS (SC4650020),C,A,YORK,SWP,
SC3250042,BGWC CREEKWOOD (3250042),C,A,LEXINGTON,GW,
SC0450058,BGWC DOBBINS ESTATE (SC0450058),C,A,ANDERSON,SWP,
SC3250028,BGWC DUTCHMAN ACRES (SC3250028),C,A,LEXINGTON,GW,
SC3250021,BGWC DUTCHMAN SHORES (SC3250021),C,A,LEXINGTON,SWP,
SC0450004,BGWC EDGEBROOK (0450004),C,A,ANDERSON,SWP,
SC3250022,BGWC EMMA TERRACE (SC3250022),C,A,LEXINGTON,GW,
SC3250103,BGWC ESTATES AT HILTON (SC3250103),C,A,LEXINGTON,GW,
SC3250016,BGWC FALCON RANCHES (SC3250016),C,A,LEXINGTON,GW,
SC4650056,BGWC FARM POND (SC4650056),C,A,YORK,GW,
SC4050012,BGWC FARROWWOOD ESTATES (SC4050012),C,A,RICHLAND,SWP,
SC0450032,BGWC FIELDCREST (SC0450032),C,A,ANDERSON,GW,
SC3250038,BGWC FOX TRAIL (SC3250038),C,A,LEXINGTON,GW,
SC4650008,BGWC FOXWOOD (SC4650008),C,A,YORK,SWP,
SC3250058,BGWC GLENN VILLAGE II (SC3250058),C,A,LEXINGTON,GW,
SC0450006,BGWC GREENFOREST (SC0450006),C,A,ANDERSON,SWP,
SC3270302,BGWC HARBORSIDE (SC3270302),C,A,LEXINGTON,SWP,
SC4050011,BGWC HARMON HILL ESTATES (SC4050011),C,A,RICHLAND,GW,
SC0450063,BGWC HAYNIE BUILDERS (SC0450063),C,A,ANDERSON,GW,
SC3250015,BGWC HEATHERWOOD-BLUE RIDGE (SC3250015),C,A,LEXINGTON,GW,
SC4650025,BGWC HICKORY HILL (SC4650025),C,A,YORK,SWP,
SC0450072,BGWC HIDDEN LAKE (SC0450072),C,A,ANDERSON,SWP,
SC4650040,BGWC HIDDEN LAKES (SC4650040),C,A,YORK,SWP,
SC3250073,BGWC HIDDEN VALLEY (SC3250073),C,A,LEXINGTON,GW,
SC0450036,BGWC HILL AND DALE (SC0450036),C,A,ANDERSON,SWP,
SC3250072,BGWC HILTON PLACE (SC3250072),C,A,LEXINGTON,GW,
SC0250005,BGWC HUNTERS GLEN S/D (0250005),C,A,AIKEN,GW,
SC3250012,BGWC I-20 (SC3250012),C,A,LEXINGTON,SWP,
SC3250017,BGWC IDLEWOOD (SC3250017),C,A,LEXINGTON,SWP,
SC3250020,BGWC INDIAN COVE S/D (SC3250020),C,A,LEXINGTON,SWP,
SC3250066,BGWC INDIAN FORK-40 LOVE (3250066),C,A,LEXINGTON,SWP,
SC3250051,BGWC INDIAN PINES (SC3250051),C,A,LEXINGTON,SWP,
SC4650041,BGWC KIMS ACRES (SC4650041),C,A,YORK,GW,
SC2350011,BGWC KINGSWOOD S/D (SC2350011),C,A,GREENVILLE,GW,
SC3250054,BGWC LAKE VILLAGE (SC3250054),C,A,LEXINGTON,GW,
SC0450065,BGWC LAKEWOOD (SC0450065),C,A,ANDERSON,SWP,
SC3250005,BGWC LAKEWOOD ESTATES (SC3250005),C,A,LEXINGTON,GW,
SC3270300,BGWC LANDS END CONDOS (SC3270300),C,A,LEXINGTON,SWP,
SC4660095,BGWC LESSLIEDALE (SC4660095),C,A,YORK,GW,
SC4650051,BGWC LESSLIEWOODS 2 (SC4650051),C,A,YORK,GW,
SC3250050,BGWC LEXINGTON ESTATES (SC3250050),C,A,LEXINGTON,GW,
SC3250069,BGWC LEXINGTON FARMS (SC3250069),C,A,LEXINGTON,GW,
SC3250076,BGWC MALLARD COVE (SC3250076),C,A,LEXINGTON,GW,
SC4650057,BGWC MALLARD LAKES (SC4650057),C,A,YORK,GW,
SC4650052,BGWC MIDDLESTREAM (SC4650052),C,A,YORK,GW,
SC3250025,BGWC MILMONT SHORES (SC3250025),C,A,LEXINGTON,GW,
SC3250013,BGWC MURRAY LODGE (3250013),C,A,LEXINGTON,GW,
SC3250019,BGWC MURRAY PARK ESTATES (SC3250019),C,A,LEXINGTON,GW,
SC0450007,BGWC NEVITT FOREST (SC0450007),C,A,ANDERSON,SWP,
SC4350006,BGWC OAKLAND PLANTATION (SC4350006),C,A,SUMTER,GW,
SC4050019,BGWC OAKRIDGE HUNT CLUB (SC4050019),C,A,RICHLAND,GW,
SC0450076,BGWC OAKWOOD ESTATES (0450076),C,A,ANDERSON,SWP,
SC4650042,BGWC OLD FARM (SC4650042),C,A,YORK,GW,
SC4650053,BGWC OLYMPIC ACRES (SC4650053),C,A,YORK,GW,
SC3250029,BGWC PARKWOOD S/D (3250029),C,A,LEXINGTON,SWP,
SC3250045,BGWC PEACHTREE ACRES (3250045),C,A,LEXINGTON,SWP,
SC4660101,BGWC PEPPERIDGE (SC4660101),C,A,YORK,GW,
SC4350007,BGWC POCALLA DEVELOPMENT (SC4350007),C,A,SUMTER,GW,
SC4660073,BGWC POLLYS CIRCLE (SC4660073),C,A,YORK,GW,
SC0150014,BGWC PURDY SHORES (0150014),C,A,ABBEVILLE,SWP,
SC4050015,BGWC RAINTREE ACRES (SC4050015),C,A,RICHLAND,SWP,
SC4650031,BGWC RIDGEWOOD (SC4650031),C,A,YORK,GW,
SC4660103,BGWC RIVERBEND ESTATES (SC4660103),C,A,YORK,GW,
SC4550001,BGWC ROCK BLUFF S/D (4550001),C,A,WILLIAMSBURG,GW,
SC3250052,BGWC ROLLINGWOOD (SC3250052),C,A,LEXINGTON,SWP,
SC3260012,BGWC SANGAREE MHP (SC3260012),C,A,LEXINGTON,GW,
SC4650009,BGWC SHANDON (SC4650009),C,A,YORK,GW,
SC0450029,BGWC SHERWOOD FOREST (SC0450029),C,A,ANDERSON,GW,
SC4660092,BGWC SHILOH QUARTERS (SC4660092),C,A,YORK,GW,
SC4650034,BGWC SILVER LAKES-WINDWOOD (SC4650034),C,A,YORK,GW,
SC4660100,BGWC SOUTHBEND ESTATES (SC4660100),C,A,YORK,GW,
SC4050006,BGWC SPRINGFIELD ACRES (SC4050006),C,A,RICHLAND,GW,
SC4650012,BGWC SPRINGLAKE ESTATES (SC4650012),C,A,YORK,GW,
SC4050014,BGWC STONEGATE (SC4050014),C,A,RICHLAND,SWP,
SC0450066,BGWC SURFSIDE HEIGHTS (SC0450066),C,A,ANDERSON,SWP,
SC4150011,BGWC TANGLEWOOD S/D (SC4150011),C,A,SALUDA,GW,
SC3250023,BGWC TANYA TERRACE (SC3250023),C,A,LEXINGTON,GW,
SC3250063,BGWC THE LANDINGS (3250063),C,A,LEXINGTON,SWP,
SC0450003,BGWC TOWN CREEK (SC0450003),C,A,ANDERSON,SWP,
SC2350010,BGWC TROLLINGWOOD S/D (SC2350010),C,A,GREENVILLE,GW,
SC4650046,BGWC VALLEYMERE MH (SC4650046),C,A,YORK,GW,
SC4050013,BGWC WASHINGTON HEIGHTS (SC4050013),C,A,RICHLAND,SWP,
SC4650016,BGWC WESLEYWOOD (SC4650016),C,A,YORK,GW,
SC3250002,BGWC WESTSIDE TERRACE (3250002),C,A,LEXINGTON,SWP,
SC3250057,BGWC WINDY HILL (SC3250057),C,A,LEXINGTON,GW,
SC4650048,BGWC WINDY RUN (SC4650048),C,A,YORK,GW,
SC4650017,BGWC WINTERCREST (SC4650017),C,A,YORK,GW,
SC4650028,BGWC WOODBRIDGE (SC4650028),C,A,YORK,GW,
SC2350013,BGWC WOODMONT ESTATE (SC2350013),C,A,GREENVILLE,GW,
SC0420009,BIG CREEK W/S DISTRICT (0420009),C,A,ANDERSON,SWP,
SC0870802,BIG OAK LANDING (SC0870802),NC,A,BERKELEY,GW,
SC4070226,BIG TS BBQ (SC4070226),NC,A,RICHLAND,GW,
SC0270677,BISHOP GRAVATT CENTER (SC0270677),NC,A,AIKEN,GW,
SC3110001,BISHOPVILLE TOWN OF (SC3110001),C,A,LEE,GW,
SC0720003,BJW&SA (SC0720003),C,A,BEAUFORT,SW,
SC2750031,BJW&SA PALM KEY (2750031),C,A,JASPER,GW,
SC2750028,BJW&SA POINT SOUTH (2750028),NTNC,A,JASPER,GW,
SC0870216,BLACKS CAMP (SC0870216),NC,A,BERKELEY,GW,
SC1110002,BLACKSBURG TOWN OF (SC1110002),C,A,CHEROKEE,SWP,
SC1270915,BLACKSTOCK DEPOT (SC1270915),NC,A,CHESTER,GW,
SC2070909,BLACKSTOCK FISH CAMP (SC2070909),NC,A,FAIRFIELD,GW,
SC0610003,BLACKVILLE TOWN OF (SC0610003),C,A,BARNWELL,GW,
SC3860007,BLOUNT'S LANDING (SC3860007),NC,A,ORANGEBURG,GW,
SC2320003,BLUE RIDGE WATER CO INC (SC2320003),C,A,GREENVILLE,SWP,
SC1373001,BLUE TRITON SPRING SITE(SC1373001),NC,A,FLORENCE,GW,
SC1072017,BLUEFIN CANTINA (SC1072017),NC,A,CHARLESTON,GW,
SC3980007,BLUNOSE 12 MILE BEACH (SC3980007),NC,A,PICKENS,SWP,
SC3980008,BLUNOSE 12 MILE BOAT RAMP(SC3980008),NC,A,PICKENS,SWP,
SC2380035,BLUNOSE ICE PARK WEST BLVD (SC2380035),NC,A,GREENVILLE,SWP,
SC4070914,BLYTHEWOOD STOP N SHOP (4070914),NC,A,RICHLAND,GW,
SC0270206,BOBBY'S BBQ (SC0270206),NC,A,AIKEN,GW,
SC4570945,BOBOS ON THE RIVER (SC4570945),NC,A,WILLIAMSBURG,GW,
SC3774005,BOONDOCKS GENERAL STORE (SC3774005),NC,A,OCONEE,GW,
SC1572004,BOURBON CREEK BAR & GRILL (SC1572004),NC,A,COLLETON,GW,
SC3810004,BOWMAN TOWN OF (SC3810004),C,A,ORANGEBURG,SWP,
SC0270908,BOYD POND PARK (0270908),NC,A,AIKEN,GW,
SC0870813,BOYKINS HIDEOUT (SC0870813),NC,A,BERKELEY,GW,
SC3670108,BOYS FARM INC (SC3670108),C,A,NEWBERRY,GW,
SC3810005,BRANCHVILLE TOWN OF (3810005),C,A,ORANGEBURG,GW,
SC3772009,BRASSTOWN CREEK GATHERING PL (SC3772009),NC,A,OCONEE,GW,
SC4670938,BRATTONSVILLE (SC4670938),NC,A,YORK,GW,
SC0772002,BRAYS ISLAND PLANTATION COLONY (0772002),NC,A,BEAUFORT,GW,
SC0220006,BREEZY HILL W/D (SC0220006),C,A,AIKEN,SW,
SC1570922,BRELAND COUNTRY STORE (1570922),NC,A,COLLETON,GW,
SC2770916,BRENDA'S COUNTRY STORE (SC2770916),NC,A,JASPER,GW,
SC0760076,BRIARWOOD MHP (SC0760076),C,A,BEAUFORT,GW,
SC1574004,BRIDGEWAY HOLDINGS LLC (SC1574004),NC,A,COLLETON,GW,
SC0720009,BROAD CREEK PSD (SC0720009),C,A,BEAUFORT,SWP,
SC1270901,BROAD RIVER MART (SC1270901),NC,A,CHESTER,GW,
SC2070801,BROAD RIVER RV PARK (SC2070801),NC,A,FAIRFIELD,GW,
NC0181035,BROAD RIVER WATER AUTHORITY,,A,,,
SC0420008,BROADWAY W&S DISTRICT (SC0420008),C,A,ANDERSON,SWP,
SC1870675,BROSNAN FOREST #1 (SC1870675),NC,A,DORCHESTER,GW,
SC1870676,BROSNAN FOREST #2 (1870676),NC,A,DORCHESTER,GW,
SC4420002,BROWNS CREEK W/D (SC4420002),C,A,UNION,SWP,
SC2220003,BROWNS FERRY WATER CO (SC2220003),C,A,GEORGETOWN,GW,
SC1570928,BROXTON BRIDGE PLANTATION BNB (1570928),NC,A,COLLETON,GW,
SC1570805,BROXTON BRIDGE PLANTATION CG (1570805),NC,A,COLLETON,GW,
SC2510004,BRUNSON TOWN OF (SC2510004),C,A,HAMPTON,GW,
SC1072010,BUCKSHOT RESTAURANT (SC1072010),NC,A,CHARLESTON,GW,
SC2620003,BUCKSPORT WATER COMPANY (SC2620003),C,A,HORRY,GW,
SC2670407,BUDGET INN (SC2670407),NC,A,HORRY,GW,
SC1074006,BUILDERS FIRSTSOURCE (SC1074006),NC,A,CHARLESTON,GW,
SC3820001,BULL SWAMP RURAL WTR CO (SC3820001),C,A,ORANGEBURG,GW,
SC1060063,BURBAGE MHP (SC1060063),C,A,CHARLESTON,GW,
SC0220007,BURNETTOWN W/D (SC0220007),C,A,AIKEN,GW,
SC4671002,BUSH-N-VINE FARM (4671002),NC,A,YORK,GW,
SC0860063,BUTLERS MHP (SC0860063),C,A,BERKELEY,GW,
SC2350002,CAESARS HEAD WATER CO (SC2350002),NC,A,GREENVILLE,GW,
SC0110002,CALHOUN FALLS TOWN OF (SC0110002),C,A,ABBEVILLE,SWP,
SC0970875,CALHOUN HILLS GOLF COMPLEX (SC0970875),NC,A,CALHOUN,GW,
SC0750041,CALLAWASSIE ISLAND (SC0750041),C,A,BEAUFORT,SWP,
SC2810001,CAMDEN CITY OF (SC2810001),C,A,KERSHAW,SW,
SC0260038,CAMERON MHP (SC0260038),C,A,AIKEN,GW,
SC3270918,CAMP AGAPE (3270918),NC,A,LEXINGTON,GW,
SC2370684,CAMP AWANITA VALLEY (SC2370684),NC,A,GREENVILLE,GW,
SC1470675,CAMP BOB COOPER (SC1470675),NC,A,CLARENDON,GW,
SC4370675,CAMP BURNT GIN (SC4370675),NC,A,SUMTER,GW,
SC4670806,CAMP CANAAN (SC4670806),NC,A,YORK,GW,
SC3770928,CAMP CHATUGA (3770928),NC,A,OCONEE,GW,
SC2370677,CAMP GREENVILLE (SC2370677),NC,A,GREENVILLE,GW,
SC3970804,CAMP HANNON (SC3970804),NC,A,PICKENS,GW,
SC1070675,CAMP HO NON WAH (SC1070675),NC,A,CHARLESTON,GW,
SC3270680,CAMP KINARD (SC3270680),NC,A,LEXINGTON,GW,
SC0270678,CAMP LONG LEADERSHIP CENTER (0270678),NTNC,A,AIKEN,GW,
SC2070675,CAMP LONGRIDGE (SC2070675),NC,A,FAIRFIELD,GW,
SC2070678,CAMP LONGRIDGE BALLFIELDS (SC2070678),NC,A,FAIRFIELD,GW,
SC2370676,CAMP OLD INDIAN (SC2370676),NC,A,GREENVILLE,GW,
SC0870815,CAMP PARADISE SOUTH  (SC0870815),NC,A,BERKELEY,GW,
SC3470800,CAMP PEE DEE (SC3470800),NC,A,MARLBORO,GW,
SC2370680,CAMP WABAK (SC2370680),NC,A,GREENVILLE,GW,
SC0870402,CANAL LAKES FISH CAMP (SC0870402),NC,A,BERKELEY,GW,
SC0860027,CANAL LAKES MHP (SC0860027),NC,A,BERKELEY,GW,
SC1070678,CAPE ROMAIN NWR SEEWEE V (SC1070678),NC,A,CHARLESTON,GW,
SC1070140,CAPE ROMAIN SCHOOL (SC1070140),NTNC,A,CHARLESTON,GW,
SC4410003,CARLISLE TOWN OF (4410003),C,A,UNION,SWP,
SC1330001,CAROLINA CANNERS (SC1330001),NC,A,CHESTERFIELD,SWP,
SC4670984,CAROLINA FRESH FARMS INC (4670984),NC,A,YORK,GW,
SC1470857,CAROLINA KING (SC1470857),NC,A,CLARENDON,GW,
SC1251000,CAROLS CAFE,,A,,,
SC4660087,CARROLL MHP 1 (SC4660087),C,A,YORK,GW,
SC4660088,CARROLL MHP 2  (SC4660088),C,A,YORK,GW,
SC1870212,CARTER FAST STOP #3 (SC1870212),NC,A,DORCHESTER,GW,
SC3270206,"CARVANA, LLC (SC3270206)",NC,A,LEXINGTON,GW,
SC2820005,CASSATT WTR KERSHAW-LEE CO RWA,C,A,KERSHAW,GW,
SC4670118,CATAWBA BAPTIST CDC (SC4670118),NTNC,A,YORK,GW,
SC4670943,CATAWBA EXPRESS (SC4670943),NC,A,YORK,GW,
SC2970908,CATAWBA FALLS EVENT CENTER,NC,A,LANCASTER,GW,
SC4650063,CATAWBA INDIAN NATION CWS (SC4650063),C,A,YORK,SWP,
SC2920002,CATAWBA RIVER WSP (2920002),C,A,LANCASTER,SW,
SC3230803,CAUGHMAN MEAT PLANT (SC3230803),NC,A,LEXINGTON,GW,
SC3210003,CAYCE CITY OF (SC3210003),C,A,LEXINGTON,SW,
SC1260004,CEDAR GROVE MHP (SC1260004),NC,A,CHESTER,GW,
SC4360010,CEDAR HILL MHP (SC4360010),C,A,SUMTER,GW,
SC3270010,CEDAR RETIREMENT CENTER (SC3270010),C,A,LEXINGTON,GW,
SC4660009,CEDAR VALLEY MHP (SC4660009),C,A,YORK,GW,
SC3972000,CENDYS CAFE & GROCERY (SC3972000),NC,A,PICKENS,GW,
SC4070925,CENTER EXPRESS #3 (SC4070925),NC,A,RICHLAND,GW,
SC3910005,CENTRAL TOWN OF (SC3910005),C,A,PICKENS,SWP,
SC3773001,CG ROXANE BOTTLED WATER (SC3773001),NC,A,OCONEE,GW,
SC3279028,CHAMPION DEFENSE LLC (SC3279028),NC,A,LEXINGTON,GW,
SC0671000,CHAPPELS LABOR CAMP #1 (SC0671000),NC,A,BARNWELL,GW,
SC0671002,CHAPPELS LABOR CAMP #3 (SC0671002),NC,A,BARNWELL,GW,
SC1074003,CHARLESTON ADVENTURE FOREST (SC1074003),NC,A,CHARLESTON,GW,
SC1030020,CHARLESTON TEA GARDEN #1 (SC1030020),NC,A,CHARLESTON,GW,
SC1074008,CHARLESTON TEA GARDEN #2 (SC1074008),NC,A,CHARLESTON,GW,
SC1010001,CHARLESTON WATER SYSTEM (SC1010001),C,A,CHARLESTON,SW,
SC1470856,CHARLIES LANDING (SC1470856),NC,A,CLARENDON,GW,
SC3250104,CHASEHUNT FARMS (SC3250104),C,A,LEXINGTON,GW,
SC3770934,CHATTOOGA BELLE FARM (SC3770934),NC,A,OCONEE,GW,
SC3770918,CHATTOOGA RIVER RESORT (3770918),NC,A,OCONEE,GW,
SC3770812,CHATTOOGA SOUNDS CAMPGROUND (SC3770812),NC,A,OCONEE,GW,
SC0672002,CHAVIS AUCTION (SC0672002),NC,A,BARNWELL,GW,
SC0274000,CHEAP WAY (SC0274000),NC,A,AIKEN,GW,
SC1230006,CHEMTRADE (SC1230006),NTNC,A,CHESTER,GW,
SC1310001,CHERAW TOWN OF (SC1310001),C,A,CHESTERFIELD,SW,
SC3770002,CHEROKEE CREEK BOYS SCHOOL (SC3770002),C,A,OCONEE,GW,
SC1220002,CHESTER METROPOLITAN DISTRICT (1220002),C,A,CHESTER,SW,
SC1320003,CHESTERFIELD CO RURAL WATER (SC1320003),C,A,CHESTERFIELD,GWP,
SC1310002,CHESTERFIELD TOWN OF (1310002),C,A,CHESTERFIELD,GWP,
SC2172007,CHEW AND SMACK SANDWICH SHACK (2172007),NC,A,FLORENCE,GW,
SC3750010,CHICKASAW POINT (SC3750010),C,A,OCONEE,SWP,
SC3570800,CHIGGER RIDGE CAMPGROUND (3570800),NC,A,MCCORMICK,GW,
SC4660077,CHUCKS MHP (SC4660077),C,A,YORK,GW,
SC1570927,CIRCLE C EXPRESS #2 (1570927),NC,A,COLLETON,GW,
SC0770918,CIRCLE C EXPRESS #3 (SC0770918),NC,A,BEAUFORT,GW,
SC1570205,CIRCLE C TRAVEL PLAZA (SC1570205),NC,A,COLLETON,GW,
SC0270911,CIRCLE K #2751 (0270911),NC,A,AIKEN,GW,
SC0270918,CIRCLE K #3081 (0270918),NC,A,AIKEN,GW,
SC0272003,CIRCLE K #3099 (0272003),NC,A,AIKEN,GW,
SC1070913,CIRCLE K 2720878 (1070913),NC,A,CHARLESTON,GW,
SC1570920,CIRCLE K 2723876 (SC1570920),NC,A,COLLETON,GW,
SC2374000,CITY SCAPE WINERY (SC2374000),NC,A,GREENVILLE,GW,
SC1450013,CLARENDON CO W&S HWY 260 (SC1450013),C,A,CLARENDON,GW,
SC0260016,CLAXTON HILLVIEW MANOR (SC0260016),C,A,AIKEN,GW,
SC0220015,CLEARWATER WS DIST (SC0220015),C,A,AIKEN,GWP,
SC2774003,CLELAND WELL (SC2774003),NC,A,JASPER,GW,
SC3910004,CLEMSON CITY OF (SC3910004),C,A,PICKENS,SWP,
SC3970112,CLEMSON UNIV FANTS GROVE W/S (SC3970112),NC,A,PICKENS,SWP,
SC3910006,CLEMSON UNIVERSITY (SC3910006),C,A,PICKENS,SWP,
SC2350023,CLIFFS AT GLASSY THE (SC2350023),C,A,GREENVILLE,GW,
SC3950009,CLIFFS AT KEOWEE (SC3950009),C,A,PICKENS,SWP,
SC3010002,CLINTON CITY OF (SC3010002),C,A,LAURENS,SW,
SC3410002,CLIO TOWN OF (SC3410002),C,A,MARLBORO,GW,
SC4670101,CLOVER SCH DIST BETHANY SCHOOL (4670101),NTNC,A,YORK,GW,
SC4610006,CLOVER TOWN OF (SC4610006),C,A,YORK,SWP,
SC0170104,COLD SPRINGS SCHOOL (SC0170104),NTNC,A,ABBEVILLE,GW,
SC0220002,COLLEGE ACRES PUBLIC W/D (SC0220002),C,A,AIKEN,GW,
SC3970301,COLLEGE PLACE (SC3970301),C,A,PICKENS,SWP,
SC4010001,COLUMBIA CITY OF (SC4010001),C,A,RICHLAND,SW,
SC3772003,COMMON WELLHOUSE & WATER SUPP(SC3772003),NC,A,OCONEE,GW,
SC2774001,CONGAREE CORE AREA  (SC2774001),NC,A,JASPER,GW,
SC4070600,CONGAREE NATIONAL PARK (4070600),NC,A,RICHLAND,GW,
SC2610008,CONWAY CITY OF (SC2610008),C,A,HORRY,SWP,
SC2620001,CONWAY RURAL (SC2620001),C,A,HORRY,SWP,
SC2770913,COOLERS GROCERY (2770913),NC,A,JASPER,GW,
SC0371007,COOSAW AG LLC (SC0371007),NC,A,ALLENDALE,GW,
SC0371006,COOSAW FARMS LABOR CAMP (0371006),NC,A,ALLENDALE,GW,
SC2770215,COOSAWHATCHIE GENERAL STORE (2770215),NC,A,JASPER,GW,
SC2570912,CORNERSTONE GENERAL STORE (SC2570912),NC,A,HAMPTON,GW,
SC1570212,COTTAGEVILLE BP (1570212),NC,A,COLLETON,GW,
SC1570209,COTTAGEVILLE EXPRESS (SC1570209),NC,A,COLLETON,GW,
SC1572006,COTTAGEVILLE GOOD EATS (SC1572006),NC,A,COLLETON,GW,
SC4171001,COTTON HOPE CAMP-ACROSS THE CREEK,NC,A,SALUDA,GW,
SC2450057,COUNTRY ACRES (SC2450057),C,A,GREENWOOD,GW,
SC0973000,COUNTRY CLEAR INC (SC0973000),NC,A,CALHOUN,GWP,
SC4670989,COUNTRY CLUB MARKET (SC4670989),NC,A,YORK,GW,
SC1870915,COUNTRY CORNER 8 (SC1870915),NC,A,DORCHESTER,GW,
SC3260187,COUNTRY PARK (SC3260187),C,A,LEXINGTON,GW,
SC1360008,COUNTRY VILLAGE MHP (SC1360008),C,A,CHESTERFIELD,GW,
SC4170901,COUNTY LINE CONV STORE (SC4170901),NC,A,SALUDA,GW,
SC2110012,COWARD TOWN OF (SC2110012),C,A,FLORENCE,GW,
SC3970303,CRAWFORD EDGE (SC3970303),C,A,PICKENS,SWP,
SC0870856,CRAWFORD LANDING (0870856),NC,A,BERKELEY,GW,
SC0170906,CRAWFORDS STORE (0170906),NC,A,ABBEVILLE,GW,
SC4360011,CRESCENT MHP (SC4360011),C,A,SUMTER,GW,
SC4060001,CRESTHAVEN MHP (SC4060001),C,A,RICHLAND,GW,
SC1560006,CROSBYS MHP (SC1560006),NC,A,COLLETON,GW,
SC1572001,CROSCO EXPRESS #2 (SC1572001),NC,A,COLLETON,GW,
SC1570917,CROSCO EXPRESS (1570917),NC,A,COLLETON,GW,
SC0870284,CROSS FOOD MART (0870284),NC,A,BERKELEY,GW,
SC4074006,CROSSROAD COMM CONV STORE  (SC4074006),NC,A,RICHLAND,GW,
SC4670967,CROSSROAD MART (SC4670967),NC,A,YORK,GW,
SC1872003,CROSSROADS BBQ (SC1872003),NC,A,DORCHESTER,GW,
SC3272004,CROSSROADS CAFE (SC3272004),NC,A,LEXINGTON,GW,
SC3250065,CRYSTAL PINES (SC3250065),C,A,LEXINGTON,GW,
SC1470304,CYPRESS POINTE CONDOS (SC1470304),C,A,CLARENDON,GW,
SC3870220,CYPRESS SHORES HOLDINGS LLC (SC3870220),NC,A,ORANGEBURG,GW,
SC4672017,D'POUR HOUSE BAR (SC4672017),NC,A,YORK,GW,
SC3920008,DACUSVILLE-CEDAR ROCK WT CO (SC3920008),C,A,PICKENS,SWP,
SC4320001,DALZELL WATER DISTRICT (SC4320001),C,A,SUMTER,GW,
SC1120001,DANIEL MORGAN WATER DISTRICT (1120001),C,A,CHEROKEE,SWP,
SC4272003,DARBY'S FOOD & SPIRITS (SC4272003),NC,A,SPARTANBURG,GW,
SC1610001,DARLINGTON CITY OF (SC1610001),C,A,DARLINGTON,GW,
SC1620001,DARLINGTON COUNTY W&SA (SC1620001),C,A,DARLINGTON,GW,
SC0750036,DAUFUSKIE ISL UTIL-HAIG POINT (0750036),C,A,BEAUFORT,GW,
SC0750043,DAUFUSKIE ISL UTIL-MELROSE (SC0750043),C,A,BEAUFORT,GW,
SC1850009,DCWA CALOMET VALLEY (1850009),C,A,DORCHESTER,SWP,
SC1820001,DCWA KNIGHTSVILLE (SC1820001),C,A,DORCHESTER,SWP,
SC1820003,DCWA TRANQUIL ACRES (SC1820003),C,A,DORCHESTER,SWP,
SC1820008,DCWS ASHLEY PHOSPHATE (SC1820008),C,A,DORCHESTER,SWP,
SC1870903,DCWS BUILDING (1870903),NTNC,A,DORCHESTER,GW,
SC1850015,DCWS CALEB COURT (SC1850015),C,A,DORCHESTER,SWP,
SC1820007,DCWS CONOFLOW (SC1820007),C,A,DORCHESTER,GW,
SC1850010,DCWS EDISTO TRIBAL COUNCIL (1850010),C,A,DORCHESTER,GW,
SC1820009,DCWS HIGHWAY 17A (SC1820009),C,A,DORCHESTER,GWP,
SC1870914,DCWS I-95 (SC1870914),C,A,DORCHESTER,GW,
SC1820002,DCWS REEVESVILLE (SC1820002),C,A,DORCHESTER,GW,
SC1850011,DCWS SOUTHERN PALMS (SC1850011),C,A,DORCHESTER,SWP,
SC1870119,DCWS WOODLAND HIGH SCHOOL (1870119),NTNC,A,DORCHESTER,GW,
SC1850014,DCWS/CLAY FIELD DRIVE (SC1850014),C,A,DORCHESTER,SWP,
SC1072016,DEAS RESTAURANT WATER SYSTEM (SC1072016),NC,A,CHARLESTON,GW,
SC1079011,DEEP WATER VINEYARD (SC1079011),NC,A,CHARLESTON,GW,
SC0270409,DELUXE INN (SC0270409),NC,A,AIKEN,GW,
SC0510002,DENMARK TOWN OF (SC0510002),C,A,BAMBERG,GW,
SC2030004,DESCI VC SUMMER NUCLEAR STA (SC2030004),NTNC,A,FAIRFIELD,SW,
SC4030001,DESCI WATEREE STATION (SC4030001),NTNC,A,RICHLAND,GW,
SC0930003,DEVRO-TEEPAK (SC0930003),NTNC,A,CALHOUN,GWP,
SC1080038,DEWEES ISLAND RO DIS STA (SC1080038),NC,A,CHARLESTON,GWP,
SC1050011,DEWEES UTILITIES (SC1050011),C,A,CHARLESTON,GW,
SC3770807,DIAKONIA CENTER (3770807),NC,A,OCONEE,GW,
SC0170105,DIAMOND HILL SCHOOL (SC0170105),NTNC,A,ABBEVILLE,GW,
SC1710001,DILLON CITY OF (SC1710001),C,A,DILLON,GW,
SC4679020,DOLLAR GENERAL #13478 CATAWBA (4679020),NC,A,YORK,GW,
SC1574003,DOLLAR GENERAL - CANADYS (SC1574003),NC,A,COLLETON,GW,
SC4674011,DOLLAR GENERAL - EASTVIEW (SC4674011),NC,A,YORK,GW,
SC4674012,DOLLAR GENERAL - MCCONNELLS (SC4674012),NC,A,YORK,GW,
SC3974000,DOLLAR GENERAL 19470 (SC3974000),NC,A,PICKENS,GW,
SC0174001,DOLLAR GENERAL ABBEVILLE (SC0174001),NC,A,ABBEVILLE,GW,
SC1174001,DOLLAR GENERAL BLACKSBURG (SC1174001),NC,A,CHEROKEE,GW,
SC3670917,DOLLAR GENERAL CHAPPELLS  (SC3670917),NC,A,NEWBERRY,GW,
SC4070983,DOLLAR GENERAL GADSDEN (SC4070983),NC,A,RICHLAND,GW,
SC1574000,DOLLAR GENERAL JACKSONBORO (1574000),NC,A,COLLETON,GW,
SC0274013,DOLLAR GENERAL KITCHINGS MILL (0274013),NC,A,AIKEN,GW,
SC0270931,DOLLAR GENERAL OLD 96 INDIAN TRAIL,NC,A,AIKEN,GW,
SC0270932,DOLLAR GENERAL SILVER BLUFF (SC0270932),NC,A,AIKEN,GW,
SC3279025,DOLLAR GENERAL-FAIRVIEW (3279025),NC,A,LEXINGTON,GW,
SC4674003,DOLLAR GENERAL-HWY 324 (SC4674003),NC,A,YORK,GW,
SC4074005,DOLLAR GENERAL-LOWER RICHLAND (SC4074005,NC,A,RICHLAND,GW,
SC1070008,DOLLAR GENERAL-MCCLELLANVILLE(SC1070008),NC,A,CHARLESTON,GW,
SC3770935,DOLLAR GENERAL-MOUNTAIN REST (3770935),NC,A,OCONEE,GW,
SC1870939,DOLLAR GENERAL-RIDGEVILLE (SC1870939),NC,A,DORCHESTER,GW,
SC3279002,DOLLAR GENERAL-SOUTH CONGAREE (3279002),NC,A,LEXINGTON,GW,
SC0120001,DONALDS-DUE WEST W&SA (SC0120001),C,A,ABBEVILLE,SWP,
SC2970907,DOOLEY FARM #1 (2970907),NC,A,LANCASTER,GW,
SC1870109,DORCHESTER CO CAREER SCHOOL (SC1870109),NTNC,A,DORCHESTER,GW,
SC1870906,DORCHESTER SHRINE CLUB (SC1870906),NC,A,DORCHESTER,GW,
SC3570904,DORN BOATING AND FISHING FAC (3570904),NC,A,MCCORMICK,GW,
SC1120003,DRAYTONVILLE WATER DIST (SC1120003),C,A,CHEROKEE,SWP,
SC4530001,DSM NUTRITIONAL PRODUCTS LLC(4530001),NTNC,A,WILLIAMSBURG,GW,
SC3730010,DUKE CONSTRUCTION YARD (SC3730010),NC,A,OCONEE,GW,
SC3730005,DUKE ENERGY-BAD CREEK ENTRANCE (3730005),NC,A,OCONEE,GW,
SC4660093,DUNCAN MHP (SC4660093),C,A,YORK,GW,
SC0670919,DYCHES FUNERAL HOME (0670919),NC,A,BARNWELL,GW,
SC1070115,E FRIERSON SCHOOL (SC1070115),NTNC,A,CHARLESTON,GW,
SC1560002,EAGLES RV CAMPGROUND (SC1560002),NC,A,COLLETON,GW,
SC4680022,EARTH FARE 632 FORT MILL,NC,A,YORK,SWP,
SC1080063,EARTH FARE CHARLESTON (SC1080063),NC,A,CHARLESTON,SWP,
SC4080011,EARTH FARE COLUMBIA (4080011),NC,A,RICHLAND,SWP,
SC4680009,EARTH FARE ROCK HILL (SC4680009),NC,A,YORK,SWP,
SC0880020,EARTH FARE SUMMERVILLE (SC0880020),NC,A,BERKELEY,SWP,
SC3920001,EASLEY CENTRAL W/D #1 (SC3920001),C,A,PICKENS,SW,
SC3920007,EASLEY CENTRAL W/D #2 (SC3920007),C,A,PICKENS,SWP,
SC3910002,EASLEY COMBINED UTIL (SC3910002),C,A,PICKENS,SW,
SC4010002,EASTOVER TOWN OF (SC4010002),C,A,RICHLAND,GW,
SC2170407,ECONOMY INN (SC2170407),NC,A,FLORENCE,GW,
SC1574007,EDEN AT GRACCEFIELD WELL (SC1574007),NC,A,COLLETON,GW,
SC1920001,EDGEFIELD CO W&SA (1920001),C,A,EDGEFIELD,SW,
SC1270103,EDGEMOOR HEADSTART (SC1270103),NTNC,A,CHESTER,GW,
SC1510006,EDISTO BEACH TOWN OF (SC1510006),C,A,COLLETON,GW,
SC0670900,EDISTO EXP STATION (SC0670900),NTNC,A,BARNWELL,GW,
SC1070684,EDISTO ISLAND SERPENTARIUM (SC1070684),NC,A,CHARLESTON,GW,
SC3270958,EDMUND RV PARK AND STORAGE (3270958),NC,A,LEXINGTON,GW,
SC0510003,EHRHARDT TOWN OF (SC0510003),C,A,BAMBERG,GW,
SC2770915,EL CHEAPO-TILLMAN (SC2770915),NC,A,JASPER,GW,
SC4672013,EL CORRAL (SC4672013),NC,A,YORK,GW,
SC0410012,ELECTRIC CITY UTILITIES (SC0410012),C,A,ANDERSON,SWP,
SC0770901,ELIJAH WASHINGTON HEALTH CTR (SC0770901),NC,A,BEAUFORT,GW,
SC0610005,ELKO TOWN OF (0610005),C,A,BARNWELL,GW,
SC3970805,ELLENBURG CAMPGD-TUCKAWAY (SC3970805),NC,A,PICKENS,GW,
SC3970680,ELLENBURG CAMPGROUND LLC (SC3970680),NC,A,PICKENS,GW,
SC1470859,ELLIOTTS LANDING & CAMPGRD (SC1470859),NC,A,CLARENDON,GW,
SC3810003,ELLOREE WATER SYSTEM (SC3810003),C,A,ORANGEBURG,GW,
SC3250088,EMERALD SHORES (SC3250088),C,A,LEXINGTON,GW,
SC1079003,EMS MEDIC 6/MAGISTRATE COURT (1079003),NC,A,CHARLESTON,GW,
SC1080069,EMS MEDIC 6/WTR DISPENSE (SC1080069),NC,A,CHARLESTON,GWP,
SC3279011,ENK 858  (3279011),NC,A,LEXINGTON,GW,
SC1070974,ENK 878 (SC1070974),NC,A,CHARLESTON,GW,
SC1470916,ENK 889 (SC1470916),NC,A,CLARENDON,GW,
SC1870205,ENK 892 (SC1870205),NC,A,DORCHESTER,GW,
SC2510002,ESTILL TOWN OF (SC2510002),C,A,HAMPTON,GW,
SC3810006,EUTAWVILLE TOWN OF (SC3810006),C,A,ORANGEBURG,GW,
SC2370909,F MART STORE (SC2370909),NC,A,GREENVILLE,GW,
SC0310004,FAIRFAX TOWN OF (SC0310004),C,A,ALLENDALE,GW,
SC1570924,FAITH CATHEDRAL FELLOWSHIP INC (1570924),C,A,COLLETON,GW,
SC3272008,FANNIE MAE'S COUNTRY STORE (SC3272008),NC,A,LEXINGTON,GW,
SC3072003,FAT DADDYS BBQ & HASH HOUSE (3072003),NC,A,LAURENS,GW,
SC1470865,FAYZ AT THE LAKE (1470865),NC,A,CLARENDON,GW,
SC4660001,FERN FOREST MHP (SC4660001),C,A,YORK,GW,
SC3270227,FISH HATCHERY FOOD MART (SC3270227),NC,A,LEXINGTON,GW,
SC1550002,FISHING CREEK POA (SC1550002),C,A,COLLETON,GW,
SC3730021,FIVE SPRINGS WATER COMPANY(SC3730021),NC,A,OCONEE,GW,
SC2110001,FLORENCE CITY OF (SC2110001),C,A,FLORENCE,SW,
SC2170235,FLORENCE FLEA MARKET (2170235),NC,A,FLORENCE,GW,
SC1010005,FOLLY BEACH CITY OF (1010005),C,A,CHARLESTON,SWP,
SC4660112,FOREST ESTATES MHP (SC4660112),C,A,YORK,GW,
SC4010501,FORT JACKSON (SC4010501),C,A,RICHLAND,SWP,
SC4074008,FORT JACKSON - WANAT RANGE (SC4074008),NC,A,RICHLAND,GW,
SC4610003,FORT MILL TOWN OF (SC4610003),C,A,YORK,SWP,
SC4660038,FORT THRILL RV PARK (SC4660038),NC,A,YORK,GW,
SC3230806,FOUR OAKS FARMS (3230806),NC,A,LEXINGTON,GW,
SC3750025,FOXWOOD HILLS (SC3750025),C,A,OCONEE,SWP,
SC1870901,FRANCIS BEIDLER FOREST (SC1870901),NC,A,DORCHESTER,GW,
SC0770236,FREEPORT MARINA VILLAGE (SC0770236),NC,A,BEAUFORT,GW,
SC4060005,FREEWAY MHP (SC4060005),C,A,RICHLAND,GW,
SC0720002,FRIPP ISLAND PSD (SC0720002),C,A,BEAUFORT,SWP,
SC4074003,FT JACKSON 4/10 AG RANGE (SC4074003),NC,A,RICHLAND,GW,
SC4070908,FT JACKSON-ALGIERS (SC4070908),NC,A,RICHLAND,GW,
SC4070981,FT JACKSON-CHAPLAIN TRAIN AREA SC4070981,NC,A,RICHLAND,GW,
SC4070938,FT JACKSON-OHIO RANGE 20 (4070938),NC,A,RICHLAND,GW,
SC4070917,FT JACKSON-OMAHA BEACH (SC4070917),NC,A,RICHLAND,GW,
SC4070651,FT JACKSON-WESTON LAKE (SC4070651),NC,A,RICHLAND,GW,
SC2510007,FURMAN TOWN OF (SC2510007),C,A,HAMPTON,GW,
SC1110001,GAFFNEY BPW (SC1110001),C,A,CHEROKEE,SW,
SC0670913,GAIL REYES SENIOR CENTER (0670913),NC,A,BARNWELL,GW,
SC0860058,GARNETT MHP (SC0860058),C,A,BERKELEY,GW,
SC3220002,GASTON RURAL WATER DIST (SC3220002),C,A,LEXINGTON,GW,
SC1874001,GATHERINGS LLC (SC1874001),NC,A,DORCHESTER,GW,
SC3950008,GAULEY FALLS 2 4 5 6 (SC3950008),C,A,PICKENS,GW,
SC3950004,GAULEY FALLS W/S (SC3950004),C,A,PICKENS,GW,
SC2220013,GCWSD CARVERS BAY (SC2220013),C,A,GEORGETOWN,GW,
SC2220011,GCWSD GARDEN CITY POINT (SC2220011),C,A,GEORGETOWN,SWP,
SC2220002,GCWSD KILSOCK WATER SYS (SC2220002),C,A,GEORGETOWN,GW,
SC2220004,GCWSD PLANTERSVILLE SYS (2220004),C,A,GEORGETOWN,GW,
SC2220007,GCWSD RED HILL (2220007),C,A,GEORGETOWN,GW,
SC2220010,GCWSD WACCAMAW NECK (SC2220010),C,A,GEORGETOWN,SW,
SC2220006,GCWSD WEDGEFIELD PLANTATION (2220006),C,A,GEORGETOWN,GW,
SC0272009,GENTRY BARBE Q BARN (0272009),NC,A,AIKEN,GW,
SC0572005,GEORGE'S CREEK CAFE (SC0572005,NC,A,BAMBERG,GW,
SC2210001,GEORGETOWN CITY OF (SC2210001),C,A,GEORGETOWN,SW,
SC2220001,GEORGETOWN RURAL COMM WA (2220001),C,A,GEORGETOWN,GW,
SC1430007,GEORGIA PACIFIC-CLARENDON (SC1430007),NTNC,A,CLARENDON,GW,
SC2510009,GIFFORD TOWN OF (SC2510009),C,A,HAMPTON,GW,
SC3220001,GILBERT-SUMMIT WD (3220001),C,A,LEXINGTON,GW,
SC0870204,GILLIGANS RESTAURANT (0870204),NC,A,BERKELEY,GW,
SC1450005,GIN POND SHORES WATER CO (SC1450005),C,A,CLARENDON,GW,
SC4660064,GLEN AT CLOVER LLC THE (SC4660064),C,A,YORK,GW,
SC1072018,GOLDEN PARADISE BAR & GRILL (SC1072018),NC,A,CHARLESTON,GW,
SC4660098,GOODS MHP (SC4660098),C,A,YORK,GW,
SC4370119,GOODWILL HEADSTART (SC4370119),NTNC,A,SUMTER,GW,
SC0810004,GOOSE CREEK CITY OF (SC0810004),C,A,BERKELEY,SWP,
SC1120004,GOUCHER WD (1120004),C,A,CHEROKEE,SWP,
SC4350008,GRANADA SUBDIVISION (SC4350008),C,A,SUMTER,GW,
SC1270921,GRANTS GROCERY (SC1270921),NC,A,CHESTER,GW,
SC1120002,GRASSY POND WATER CO INC (SC1120002),C,A,CHEROKEE,SWP,
SC1270213,GREAT FALLS MART (SC1270213),NC,A,CHESTER,GW,
SC2770107,GREAT SWAMP BAPTIST CHURCH (2770107),NTNC,A,JASPER,GW,
SC4510001,GREELEYVILLE TOWN OF (SC4510001),C,A,WILLIAMSBURG,GW,
SC4610009,GREEN EARTH PWS (SC4610009),C,A,YORK,SWP,
SC2370681,GREENVILLE OUTDOOR CENTER  (SC2370681),NC,A,GREENVILLE,GW,
SC2310001,GREENVILLE WATER (SC2310001),C,A,GREENVILLE,SW,
SC2410001,GREENWOOD CPW (2410001),C,A,GREENWOOD,SW,
SC2310005,GREER CPW (SC2310005),C,A,GREENVILLE,SW,
SC0872042,"GRUB SHACK, THE (SC0872042)",NC,A,BERKELEY,GW,
SC2620004,GSW&SA (SC2620004),C,A,HORRY,SW,
SC3310001,GSW&SA-MARION CITY OF (SC3310001),C,A,MARION,GW,
SC2620009,GSW&SA-MYRTLE BEACH (SC2620009),C,A,HORRY,SW,
SC3310003,GSW&SA-NICHOLS TOWN OF (3310003),C,A,MARION,GW,
SC4570924,H&S MINGO SHOP (4570924),NC,A,WILLIAMSBURG,GW,
SC3260090,HALTER ACRES MHP (SC3260090),C,A,LEXINGTON,GW,
SC0420007,HAMMOND W/D (SC0420007),C,A,ANDERSON,SWP,
SC2570908,HAMPTON CO INDUSTRIAL SITE (SC2570908),NTNC,A,HAMPTON,GW,
SC2510001,HAMPTON TOWN OF (SC2510001),C,A,HAMPTON,GW,
SC4672002,HANDLE BAR & GRILL (SC4672002),NC,A,YORK,GW,
SC2770914,HANDY DANS GENERAL STORE (SC2770914),NC,A,JASPER,GW,
SC0750013,HARBOR ISLAND (SC0750013),C,A,BEAUFORT,SWP,
SC2630008,HARDEE BY EVH (SC2630008),NTNC,A,HORRY,GW,
SC1830005,HARLEYVILLE CEMENT PLANT (SC1830005),NTNC,A,DORCHESTER,GW,
SC1870101,HARLEYVILLE ELEM SCHOOL (SC1870101),NTNC,A,DORCHESTER,GW,
SC1810002,HARLEYVILLE TOWN OF (SC1810002),C,A,DORCHESTER,GW,
SC2470851,HARRIS LANDING (SC2470851),NC,A,GREENWOOD,GW,
SC0870850,HARRYS FISH CAMPGROUND (SC0870850),NC,A,BERKELEY,GW,
SC3750029,HARTS COVE AND TORY POINTE (SC3750029),C,A,OCONEE,SWP,
SC1610003,HARTSVILLE CITY OF (SC1610003),C,A,DARLINGTON,GW,
SC3570654,HAWE CREEK CG (SC3570654),NC,A,MCCORMICK,GW,
SC0670922,HEALING SPRINGS CAFE (SC0670922),NC,A,BARNWELL,GW,
SC3970909,HEART RDGE RTRT & CULT CTR (SC3970909),NC,A,PICKENS,GW,
SC2910002,HEATH SPRINGS TOWN OF (SC2910002),C,A,LANCASTER,SWP,
SC4510004,HEMINGWAY TOWN OF (SC4510004),C,A,WILLIAMSBURG,GW,
SC4660111,HENSON MHP (4660111),C,A,YORK,GW,
SC3260189,HERMITAGE MHP (SC3260189),C,A,LEXINGTON,GW,
SC1850017,HERON'S WALK PHASE 1 (SC1850017),C,A,DORCHESTER,SWP,
SC0770935,HEWITT OAKS (SC0770935),NC,A,BEAUFORT,GW,
SC4610004,HICKORY GROVE TOWN OF (SC4610004),C,A,YORK,GW,
SC0973001,HICKORY SPRINGS BOTTLING INC (SC0973001),NC,A,CALHOUN,GW,
SC3260207,HIDDEN ACRES MHP (SC3260207),C,A,LEXINGTON,GW,
SC3260140,HIDDEN OAKS MHP (SC3260140),C,A,LEXINGTON,GW,
SC3270875,HIDDEN VALLEY CC (SC3270875),NC,A,LEXINGTON,GW,
SC3260127,HIDEAWAY MHP (SC3260127),C,A,LEXINGTON,GW,
SC4320003,HIGH HILLS RURAL WATER CO INC (4320003),C,A,SUMTER,GW,
SC0170875,HIGH MEADOWS CC (0170875),NC,A,ABBEVILLE,GW,
SC3270011,HIGHLANDS AT GASTON (SC3270011),C,A,LEXINGTON,GW,
SC3770914,HIGHWAY 11 FLEA MARKET (SC3770914),NC,A,OCONEE,GW,
SC0420004,HIGHWAY 88 W/D (SC0420004),C,A,ANDERSON,SWP,
SC0670921,HILDA AUCTION (SC0670921),NC,A,BARNWELL,GW,
SC0610004,HILDA TOWN OF (SC0610004),C,A,BARNWELL,GW,
SC3270963,HILL VIEW TRUCK STOP (3270963),NC,A,LEXINGTON,GW,
SC0870851,HILLS LANDING (SC0870851),NC,A,BERKELEY,GW,
SC3260104,HILLVIEW MHP (SC3260104),C,A,LEXINGTON,GW,
SC0720006,HILTON HEAD PSD 1 (0720006),C,A,BEAUFORT,SWP,
SC3250024,HILTON SOUND (SC3250024),C,A,LEXINGTON,GW,
SC3670903,HJ SMITH PROPERTIES (SC3670903),NC,A,NEWBERRY,GW,
SC1830024,HM GRR - HARLEYVILLE (SC1830024),NTNC,A,DORCHESTER,GW,
SC1830001,HM SOUTHEAST CEMENT HARLEYVILLE 1830001,NTNC,A,DORCHESTER,GW,
SC2272003,HOG HEAVEN RESTAURANT (2272003),NC,A,GEORGETOWN,GW,
SC3810002,HOLLY HILL TOWN OF (SC3810002),C,A,ORANGEBURG,GW,
SC3970901,HOLLY SPRING COUNTRY STORE (SC3970901),NC,A,PICKENS,GW,
SC1850016,HOMECOMING SUBDIVISION (SC1850016),C,A,DORCHESTER,SWP,
SC0420001,HOMELAND PARK W/D (SC0420001),C,A,ANDERSON,SWP,
SC0410003,HONEA PATH TOWN OF (SC0410003),C,A,ANDERSON,SWP,
SC4020002,HOPKINS COMMUNITY WATER SYSTEM (4020002),C,A,RICHLAND,GW,
SC3279015,HORSE SENSE TACK & FEED (SC3279015),NC,A,LEXINGTON,GW,
SC4530004,HOUSE OF RAEFORD (SC4530004),NTNC,A,WILLIAMSBURG,GW,
SC2560008,HOUSEY GROCERY & TP (2560008),NC,A,HAMPTON,GW,
SC3772008,HUMBLE PIE RESTAURANT (SC3772008),NC,A,OCONEE,GW,
SC1971017,HWY 191 CAMP (SC1971017),NC,A,EDGEFIELD,GW,
SC4070203,HWY 378 DINER (SC4070203),NC,A,RICHLAND,GW,
SC2450001,HYDE PARK S/D (SC2450001),C,A,GREENWOOD,GW,
SC0260020,INDEPENDENT MHP (SC0260020),NC,A,AIKEN,GW,
SC4273000,INMAN CAMPOBELLO VENDING RO (SC4273000),NC,A,SPARTANBURG,SWP,
SC4220002,INMAN CAMPOBELLO W/D (4220002),C,A,SPARTANBURG,SWP,
SC1870400,INN AT MIDDLETON PLACE (SC1870400),NTNC,A,DORCHESTER,GW,
SC2230002,INTERFOR (SC2230002),NTNC,A,GEORGETOWN,GW,
SC2830001,INV CAMDEN PLANT  (SC2830001),NTNC,A,KERSHAW,SW,
SC3750008,ISAQUEENA POINT UTIL SYS (SC3750008),C,A,OCONEE,SWP,
SC0770875,ISLAND WEST (0770875),NC,A,BEAUFORT,GW,
SC1080079,ISLE OF PALMS W&S COMM RO DISPENSER,NC,A,CHARLESTON,GWP,
SC1010004,ISLE OF PALMS W/S COMM (SC1010004),C,A,CHARLESTON,SWP,
SC0410001,IVA TOWN OF (SC0410001),C,A,ANDERSON,SWP,
SC1971015,J FORREST-SATCHER CAMP (SC1971015),NC,A,EDGEFIELD,GW,
SC1971000,J W YONCE 101 (SC1971000),NC,A,EDGEFIELD,GW,
SC1971002,J W YONCE 404 (SC1971002),NC,A,EDGEFIELD,GW,
SC1971004,J W YONCE 606 (SC1971004),NTNC,A,SALUDA,GW,
SC3950002,JACABB UTIL LLC-ALDERSGATE (SC3950002),NC,A,PICKENS,GW,
SC0210002,JACKSON TOWN OF (SC0210002),C,A,AIKEN,GW,
SC2172010,JAGUAR BAR AND GRILL (SC2172010),NC,A,FLORENCE,GW,
SC3260048,JAKES LANDING (SC3260048),C,A,LEXINGTON,GW,
SC0810003,JAMESTOWN TOWN OF (SC0810003),C,A,BERKELEY,GW,
SC1070122,JANE EDWARDS ELEMENTARY (SC1070122),NTNC,A,CHARLESTON,GW,
SC3279038,JCR OF SC (SC3279038),NC,A,LEXINGTON,GW,
SC0872040,JEARLINA'S ICE CREAM & CAFE (0872040),NC,A,BERKELEY,GW,
SC1310005,JEFFERSON TOWN OF (SC1310005),C,A,CHESTERFIELD,GWP,
SC2020001,JENKINSVILLE WATER COMPANY (SC2020001),C,A,FAIRFIELD,GW,
SC1060061,JERICHO TRAILER PARK (1060061),C,A,CHARLESTON,GW,
SC3279018,JIM HUDSON CARS OF LEXINGTON (SC3279018,NC,A,LEXINGTON,GW,
SC4171011,JIMMY FORREST LABOR CAMP (SC4171011),NC,A,SALUDA,GW,
SC3770937,JOCASSEE CLUB WTR SYS (3770937),NC,A,OCONEE,GW,
SC3770927,JOCASSEE OUTDOOR CENTER (SC3770927),NC,A,OCONEE,GW,
SC3770803,JOCASSEE RV CAMP (SC3770803),NC,A,OCONEE,GW,
SC4570907,JOHNNY BOYS EXPRESS (SC4570907),NC,A,WILLIAMSBURG,GW,
SC2110011,JOHNSONVILLE CITY OF (SC2110011),C,A,FLORENCE,GW,
SC3220003,JOINT MUNICIPAL WSC (SC3220003),C,A,LEXINGTON,SWP,
SC4679002,JOKERS (SC4679002),NC,A,YORK,GW,
SC4410002,JONESVILLE TOWN OF (SC4410002),C,A,UNION,SWP,
SC0272014,JOYFUL CAFE (SC0272014),NC,A,AIKEN,GW,
SC1870912,JRS GROCERY (SC1870912),NC,A,DORCHESTER,GW,
SC0660004,JRS MHP (SC0660004),NC,A,BARNWELL,GW,
SC3272009,KATHYS BAR AND GRILL (SC3272009),NC,A,LEXINGTON,GW,
SC3279006,KEISLERS  (SC3279006),NC,A,LEXINGTON,GW,
SC4030013,KEMIRA CHEMICALS INC (SC4030013),NTNC,A,RICHLAND,GW,
SC3750026,KEOWEE BAY S/D (SC3750026),C,A,OCONEE,GW,
SC3970803,KEOWEE CAMP (SC3970803),NC,A,PICKENS,GW,
SC3750023,KEOWEE KEY UTILITY SYSTEM INC (3750023),C,A,OCONEE,SWP,
SC2910003,KERSHAW TOWN OF (SC2910003),C,A,LANCASTER,SWP,
SC1010008,KIAWAH ISLAND UTILITY (SC1010008),C,A,CHARLESTON,SWP,
SC1074005,KING GROCERY (SC1074005),NC,A,CHARLESTON,GW,
SC4670808,KINGS MOUNTAIN SP CAMPGROUND (SC4670808),NC,A,YORK,GW,
SC4670650,KINGS MT NATL MIL PARK (4670650),NC,A,YORK,GW,
SC1870928,KINGS ONE STOP (1870928),NC,A,DORCHESTER,GW,
SC4510002,KINGSTREE TOWN OF (SC4510002),C,A,WILLIAMSBURG,GW,
SC1570915,KK MART (SC1570915),NC,A,COLLETON,GW,
SC4360037,KOKOMO PALMS MHP (SC4360037),C,A,SUMTER,GW,
SC2110007,LAKE CITY CITY OF (SC2110007),C,A,FLORENCE,GW,
SC3270301,LAKE LODGE APARTMENTS (SC3270301),C,A,LEXINGTON,GW,
SC3820003,LAKE MARION REGIONAL WATER SYS (3820003),C,A,ORANGEBURG,SW,
SC3870852,LAKE MARION RES MARINA (3870852),NC,A,ORANGEBURG,GW,
SC0820008,LAKE MOULTRIE REGIONAL WS (SC0820008),C,A,BERKELEY,SW,
SC0870880,LAKE MOULTRIE RV PARK (SC0870880),NC,A,BERKELEY,GW,
SC1710003,LAKE VIEW TOWN OF (SC1710003),C,A,DILLON,GWP,
SC1470868,LAKE VUE MARINA & C/G (SC1470868),NC,A,CLARENDON,GW,
SC4660081,LAKE WYLIE MHP (SC4660081),C,A,YORK,GW,
SC3250030,LAKESIDE FOREST 2 (SC3250030),C,A,LEXINGTON,GWP,
SC1670676,LAKEVIEW CLUB (SC1670676),NC,A,DARLINGTON,GW,
SC0760001,LAKEVIEW MHP (SC0760001),C,A,BEAUFORT,GW,
SC3070402,LAKEVIEW MOTEL (SC3070402),NC,A,LAURENS,GW,
SC2660049,LAKEWOOD CAMPGROUND (SC2660049),C,A,HORRY,GW,
SC4060032,LAKEWOOD MHP (SC4060032),C,A,RICHLAND,GW,
SC1610004,LAMAR TOWN OF (SC1610004),C,A,DARLINGTON,GWP,
SC4660108,LAMBERT MHP (SC4660108),C,A,YORK,GW,
SC2910001,LANCASTER CITY OF (SC2910001),C,A,LANCASTER,SWP,
SC2920001,LANCASTER COUNTY W&SD (SC2920001),C,A,LANCASTER,SWP,
SC4050004,LANDS POINT S/D (SC4050004),C,A,RICHLAND,GW,
SC4510005,LANE TOWN OF (4510005),C,A,WILLIAMSBURG,GW,
SC0220001,LANGLEY W/D (SC0220001),C,A,AIKEN,GW,
SC1710002,LATTA TOWN OF (SC1710002),C,A,DILLON,GW,
SC3020001,LAURENS COUNTY W&S COMM (SC3020001),C,A,LAURENS,SW,
SC3010001,LAURENS CPW (SC3010001),C,A,LAURENS,SW,
SC3030005,LAURENS PROVING GROUND (SC3030005),NTNC,A,LAURENS,GW,
SC4640006,LAWRANCE TRACT (SC4640006),NC,A,YORK,GW,
SC2070800,LCC LITTLE CEDAR CRK RV PK #2(SC2070800),NC,A,FAIRFIELD,GW,
SC1570115,LCCA HEAD START (1570115),NTNC,A,COLLETON,GW,
SC4220010,LCF WATER DISTRICT (SC4220010),C,A,SPARTANBURG,SWP,
SC3210010,LCJMWSC-PELION TOWN OF (SC3210010),C,A,LEXINGTON,SWP,
SC0872007,LEBANON STOP (SC0872007),NC,A,BERKELEY,GW,
SC1870938,LEE'S STOP N SHOP LLC (SC1870938),NC,A,DORCHESTER,GW,
SC1470405,LENORAS SANTEE RESORT (SC1470405),NC,A,CLARENDON,GW,
SC2570205,LESTER'S COUNTRY BBQ LLC (SC2570205),NC,A,HAMPTON,GW,
SC1472002,LEVYS COUNTRY CORNER (SC1472002),NC,A,CLARENDON,GW,
SC3270941,LEX CO - SWANSEA PARK (SC3270941),NC,A,LEXINGTON,GW,
SC3270906,LEX CO REC-OAK GROVE (3270906),NC,A,LEXINGTON,GW,
SC3270907,LEX CO SERVICE COMPLEX (SC3270907),NC,A,LEXINGTON,GW,
SC3210001,LEXINGTON TOWN OF (3210001),C,A,LEXINGTON,SWP,
SC4670106,LIBERTY BAPTIST CHURCH (SC4670106),NTNC,A,YORK,GW,
SC3910003,LIBERTY CITY OF (SC3910003),C,A,PICKENS,SWP,
SC1870050,LIEBER CORRECTIONAL INSTITUTE (1870050),C,A,DORCHESTER,GW,
SC1010007,LINCOLNVILLE TOWN OF (SC1010007),C,A,CHARLESTON,SWP,
SC3870935,LIONS DEN (SC3870935),NC,A,ORANGEBURG,GW,
SC1570118,LITTLE BLOOMERS PRESCHOOL (1570118),NTNC,A,COLLETON,GW,
SC2070003,LITTLE CEDAR CRK RV PARK #1  (SC2070003),NC,A,FAIRFIELD,GW,
SC0270928,LITTLE COUNTRY STORE (SC0270928),NC,A,AIKEN,GW,
SC2170252,LITTLE FISHERS 2 (SC2170252),NC,A,FLORENCE,GW,
SC4670225,LOCAL MARKET #3 (SC4670225),NC,A,YORK,GW,
SC4420010,LOCKHART TOWN OF (SC4420010),C,A,UNION,SWP,
SC0870853,LOCKLAIR'S LANDING (SC0870853),NC,A,BERKELEY,GW,
SC1510001,LODGE TOWN OF (1510001),C,A,COLLETON,GW,
SC1960002,LONG CANE MHP (SC1960002),C,A,EDGEFIELD,GW,
SC3772007,LONG CREEK GENERAL STORE (SC3772007),NC,A,OCONEE,GW,
SC2070904,LONGTOWN CORNER STORE (SC2070904),NC,A,FAIRFIELD,GW,
SC2610010,LORIS CITY OF (SC2610010),C,A,HORRY,SWP,
SC4650019,LOST COLONY S/D (SC4650019),C,A,YORK,GW,
SC0920003,LOWER CALHOUN (SC0920003),C,A,ORANGEBURG,SWP,
SC1270906,LOWRY'S ONE STOP (SC1270906),NC,A,CHESTER,GW,
SC2820001,LUGOFF ELGIN WATER AUTH (SC2820001),C,A,KERSHAW,SW,
SC3110002,LYNCHBURG TOWN OF (SC3110002),C,A,LEE,GW,
SC1470906,MAC N MAC (SC1470906),NC,A,CLARENDON,GW,
SC0870050,MACDOUGALL CORRECTIONAL INST (SC0870050),C,A,BERKELEY,GW,
SC2370925,MACGREGOR FRUIT ORCHARD (SC2370925),NC,A,GREENVILLE,GW,
SC0870855,MACS LANDING (SC0870855),NC,A,BERKELEY,GW,
SC4670913,MAIN STREET DELI (SC4670913),NC,A,YORK,GW,
SC4030801,MANCHESTER FARMS (SC4030801),NTNC,A,RICHLAND,GW,
SC1410002,MANNING CITY OF (SC1410002),C,A,CLARENDON,GW,
SC3320001,MARCO RURAL WATER CO (SC3320001),C,A,MARION,GW,
SC2320004,MARIETTA W/D (SC2320004),C,A,GREENVILLE,SWP,
SC2470928,MARION MOORE PWS (SC2470928),NC,A,GREENWOOD,GW,
SC3420001,MARLBORO WATER CO (SC3420001),C,A,MARLBORO,GW,
SC2450021,MATHEWS HEIGHTS (SC2450021),C,A,GREENWOOD,GW,
SC4310003,MAYESVILLE TOWN OF (SC4310003),C,A,SUMTER,GW,
SC1310004,MCBEE TOWN OF (SC1310004),C,A,CHESTERFIELD,GWP,
SC3970675,MCCALL RA CAMP (SC3970675),NC,A,PICKENS,GW,
SC1070234,MCCLELLANVILLE DINER (SC1070234),NC,A,CHARLESTON,GW,
SC3410003,MCCOLL TOWN OF (SC3410003),C,A,MARLBORO,GW,
SC3850004,MCCORDS FERRY AT LAKE MARION (SC3850004),C,A,ORANGEBURG,GWP,
SC3520002,MCCORMICK CO W&SA (SC3520002),C,A,MCCORMICK,SWP,
SC3510001,MCCORMICK CPW (SC3510001),C,A,MCCORMICK,SW,
SC4070911,MCCRADY TRAINING CENTER (SC4070911),NTNC,A,RICHLAND,GW,
SC4060010,MCDONALDS MHP (SC4060010),C,A,RICHLAND,GW,
SC3260059,MCGREGOR DOWNS MHP (SC3260059),C,A,LEXINGTON,GW,
SC4060014,MEADOW LANE MHP (SC4060014),C,A,RICHLAND,GW,
SC4420001,MEANSVILLE RILEY W/D (SC4420001),C,A,UNION,SWP,
SC0870972,MEPKIN ABBEY (SC0870972),C,A,BERKELEY,GW,
SC4030007,MERIDIAN BRICK (SC4030007),NTNC,A,RICHLAND,GW,
SC4220003,METRO SUBDISTRICT B (SC4220003),C,A,SPARTANBURG,SWP,
SC4640005,METROLINA EMPLOYEE HOUSING (SC4640005),NC,A,YORK,GW,
SC2020002,MIDCOUNTY WATER DIST 1 (2020002),C,A,FAIRFIELD,GW,
SC2020004,MIDCOUNTY WATER DIST 2 (SC2020004),C,A,FAIRFIELD,SWP,
SC1870902,MIDDLETON PLACE (SC1870902),NTNC,A,DORCHESTER,GW,
SC3260182,MIDLAND HILLS MHP (SC3260182),C,A,LEXINGTON,GW,
SC4070931,MIDWAY ONE STOP (4070931),NC,A,RICHLAND,GW,
SC3870853,MILL CREEK CAMPGROUND #1 (SC3870853),NC,A,ORANGEBURG,GW,
SC3870854,MILL CREEK CAMPGROUND #2 (SC3870854),NC,A,ORANGEBURG,GW,
SC2870901,MILL POND WATER SYSTEM (SC2870901),NC,A,KERSHAW,GW,
SC3260050,MILLS MHP 1&2 (SC3260050),C,A,LEXINGTON,GW,
SC1070124,MINNIE HUGHES ELEMENTARY (SC1070124),NTNC,A,CHARLESTON,GW,
SC3970111,MIRACLE HILL GIRLS (SC3970111),NTNC,A,PICKENS,GW,
SC2460001,MITCHELL MHP (SC2460001),C,A,GREENWOOD,GW,
SC2020005,MITFORD WATER DISTRICT (SC2020005),C,A,FAIRFIELD,SWP,
SC0810001,MONCKS CORNER CITY OF (SC0810001),C,A,BERKELEY,SWP,
SC0210008,MONETTA TOWN OF (SC0210008),C,A,AIKEN,SWP,
SC0220008,MONTMORENCI W/D (SC0220008),C,A,AIKEN,GW,
SC2470914,MOSS GROCERY (2470914),NC,A,GREENWOOD,GW,
SC2370803,MOUNTAIN LAKE POA (2370803),NTNC,A,GREENVILLE,GW,
SC3770809,MOUNTAIN REST CABINS C/G (3770809),NC,A,OCONEE,GW,
SC3772006,MOUNTAIN REST WATER SYSTEM (3772006),NC,A,OCONEE,GW,
SC3270925,MR BS III (SC3270925),NC,A,LEXINGTON,GW,
SC1080032,MT PLEASANT RO DISPENSING STA#1(1080032),NC,A,CHARLESTON,GWP,
SC1080033,MT PLEASANT RO DISPENSING STA#2(1080033),NC,A,CHARLESTON,GWP,
SC1080066,MT PLEASANT RO DISPENSING STA#3(1080066),NC,A,CHARLESTON,GWP,
SC1010002,MT PLEASANT WATER WORKS (1010002),C,A,CHARLESTON,SWP,
SC3310002,MULLINS CITY OF (SC3310002),C,A,MARION,GW,
SC3250014,MURRAY HILL ESTATES (SC3250014),C,A,LEXINGTON,GW,
SC2610001,MYRTLE BEACH CITY OF (SC2610001),C,A,HORRY,SWP,
SC1270108,N CHESTER HEADSTART (SC1270108),NTNC,A,CHESTER,GW,
SC2610011,N MYRTLE BEACH CITY OF (SC2610011),C,A,HORRY,SWP,
SC0874021,N W WHITE COMPANY (SC0874021),NC,A,BERKELEY,GW,
SC0150006,NANCE S/D #2 (SC0150006),NC,A,ABBEVILLE,GW,
SC3770676,NANTAHALA OUTDOOR CENTER (SC3770676),NC,A,OCONEE,GW,
SC0270800,NAZARENE CAMPGROUND 1 (SC0270800),NC,A,AIKEN,GW,
SC0270801,NAZARENE CAMPGROUND 2 (SC0270801),NC,A,AIKEN,GW,
SC1570804,NEARSHORE 17 CAMPGROUND (SC1570804),NC,A,COLLETON,GW,
SC2370918,NEW BLUE RIDGE W/D RO UNIT (2370918),NC,A,GREENVILLE,SWP,
SC0272013,NEW BRIDGE POLO RANCH CLUBHOUSE,NC,A,AIKEN,GW,
SC1570119,NEW COTTAGEVILLE ELEMENTARY (1570119),NTNC,A,COLLETON,GW,
SC0210007,NEW ELLENTON CPW (SC0210007),C,A,AIKEN,GW,
SC0220010,NEW HOLLAND W/D (SC0220010),C,A,AIKEN,GW,
SC4030015,NEW WELL AT IPPE (SC4030015),NC,A,RICHLAND,GW,
SC1470908,NEW ZION MINI MART (SC1470908),NC,A,CLARENDON,GW,
SC3610001,NEWBERRY CITY OF (3610001),C,A,NEWBERRY,SW,
SC3620002,NEWBERRY CO W&SA (SC3620002),C,A,NEWBERRY,SW,
SC2174002,NIAGARA (SC2174002),NC,A,FLORENCE,SWP,
SC2410002,NINETY SIX CPW (SC2410002),C,A,GREENWOOD,SWP,
SC2572000,NIXVILLE COUNTRY STORE (SC2572000),NC,A,HAMPTON,GW,
SC0570900,NORTH AMERICAN FILTRATION CO (SC0570900),NTNC,A,BAMBERG,GW,
SC0210003,NORTH AUGUSTA CITY OF (SC0210003),C,A,AIKEN,SW,
SC1470863,NORTH SHORE WATER SYS (SC1470863),C,A,CLARENDON,GW,
SC3810010,NORTH TOWN OF (SC3810010),C,A,ORANGEBURG,GW,
SC3870806,NORTHPOINT CAMPGROUND (SC3870806),NC,A,ORANGEBURG,GW,
SC3810008,NORWAY TOWN OF (3810008),C,A,ORANGEBURG,SWP,
SC2870675,NOSOCA PINES RANCH (SC2870675),NC,A,KERSHAW,GW,
SC4080027,NWS WHOLE FOOD MARKET 175 (SC4080027),NC,A,RICHLAND,SWP,
SC0850014,O HAYNES SYSTEM (0850014),C,A,BERKELEY,GW,
SC1270801,OAK GROVE PLANTATION CAMPGROUND (SC12708,NC,A,CHESTER,GW,
SC1070802,OAK PLANTATION CAMPGROUND (1070802),NC,A,CHARLESTON,GW,
SC0250004,OAKHILL S/D (SC0250004),C,A,AIKEN,GW,
SC2673002,OCEAN LAKES DISPEN STATION 1 (2673002),NC,A,HORRY,GWP,
SC2680157,OCEAN LAKES DISPENSING STA 2 (SC2680157),NC,A,HORRY,GWP,
SC2660048,OCEAN LAKES LTD (SC2660048),C,A,HORRY,SWP,
SC2110006,OLANTA TOWN OF (SC2110006),C,A,FLORENCE,GW,
SC0510004,OLAR GOVAN WATER SYSTEM (0510004),C,A,BAMBERG,GW,
SC0270875,OLD BARNWELL GOLF COURSE (SC0270875),NTNC,A,AIKEN,GW,
SC1070247,OLD POST OFFICE RESTAURANT (SC1070247),NC,A,CHARLESTON,GW,
SC3230807,OLE TIMEY MEATS (3230807),NC,A,LEXINGTON,GW,
SC2470853,ONE STOP MARINA (2470853),NC,A,GREENWOOD,GW,
SC3970910,OOLENOY VISITORS CENTER (SC3970910),NC,A,PICKENS,GW,
SC3810012,ORANGEBURG COUNTY (SC3810012),C,A,ORANGEBURG,SWP,
SC3810001,ORANGEBURG DPU (SC3810001),C,A,ORANGEBURG,SW,
SC4320006,OSWEGO RURAL WATER CO (SC4320006),C,A,SUMTER,GWP,
SC2070903,OUTBOARD BOAT CLUB/FAIRFIELD (2070903),NC,A,FAIRFIELD,GW,
SC0270401,PACE LIVING (SC0270401),NC,A,AIKEN,GW,
SC3270956,PADGETTS GROCERY (SC3270956),NC,A,LEXINGTON,GW,
SC1310003,PAGELAND CITY OF (SC1310003),C,A,CHESTERFIELD,GWP,
SC0670912,PALM PANTRY 3 (SC0670912),NC,A,BARNWELL,GW,
SC4270875,PALMETTO  HILLS GOLF CLUB (SC4270875),NC,A,SPARTANBURG,GW,
SC2370679,PALMETTO BIBLE CAMP (SC2370679),NC,A,GREENVILLE,GW,
SC0774001,PALMETTO BLUFF TEMP GOLF FACILITIES,NC,A,BEAUFORT,GW,
SC2760013,PALMETTO MHP 2 (SC2760013),C,A,JASPER,GW,
SC4060006,PALMETTO PARK (4060006),C,A,RICHLAND,GW,
SC4679012,PALMETTO PET HOSPITAL (SC4679012),NC,A,YORK,GW,
SC4672015,PALMETTO SEAFOOD (SC4672015),NC,A,YORK,GW,
SC1470801,PALMETTO SHORES RV RESORT (1470801),NC,A,CLARENDON,GW,
SC4679001,PALMETTO VET CLINIC (SC4679001),NC,A,YORK,GW,
SC2110010,PAMPLICO TOWN OF (SC2110010),C,A,FLORENCE,GW,
SC4672023,PANTRY ROAD (SC4672023),NC,A,YORK,GW,
SC4670206,PASSMORE GROCERY & GRILL (4670206),NC,A,YORK,GW,
SC2570102,PATRICK HENRY ACADEMY (SC2570102),NTNC,A,HAMPTON,GW,
SC4660003,PECAN GROVE COMMONS (SC4660003),C,A,YORK,GW,
SC2670916,PEE DEE FARMS STORE (SC2670916),NC,A,HORRY,GW,
SC0410006,PENDLETON TOWN OF (SC0410006),C,A,ANDERSON,SWP,
SC4060021,PERCIVAL ESTATES MHP (SC4060021),C,A,RICHLAND,GW,
SC0210006,PERRY TOWN OF (SC0210006),C,A,AIKEN,GW,
SC4170875,PERSIMMON HILL GOLF CLUB (SC4170875),NC,A,SALUDA,GW,
SC3910001,PICKENS WTP (SC3910001),C,A,PICKENS,SWP,
SC4679015,PINE GROVE CHURCH CDC (SC4679015),NTNC,A,YORK,GW,
SC0870807,PINE LAKE MHP (SC0870807),NC,A,BERKELEY,GW,
SC3260157,PINE RIDGE MHP (SC3260157),C,A,LEXINGTON,GW,
SC4060024,PINE VALLEY COMMUNITY (SC4060024),C,A,RICHLAND,GW,
SC4650037,PINEHAVEN S/D (SC4650037),C,A,YORK,GW,
SC4650015,PINETUCK S/D (SC4650015),NC,A,YORK,GW,
SC4310002,PINEWOOD TOWN OF (SC4310002),C,A,SUMTER,GW,
SC4060052,PINEY LANE MHP (SC4060052),C,A,RICHLAND,GW,
SC3720001,PIONEER RURAL WATER DIST (SC3720001),C,A,OCONEE,SW,
SC1272004,PLAYERS BBQ (SC1272004),NC,A,CHESTER,GW,
SC3260147,PLEASANT RIDGE MHP (SC3260147),C,A,LEXINGTON,GW,
SC4370601,POINSETT STATE PARK CAMP (SC4370601),NC,A,SUMTER,GW,
SC0960001,POPLAR CREEK  (SC0960001),NC,A,CALHOUN,GW,
SC3750002,PORT BASS I (SC3750002),C,A,OCONEE,GW,
SC3750012,PORT BASS II (SC3750012),C,A,OCONEE,GW,
SC1470867,POTATO CREEK LANDING (SC1470867),NC,A,,GW,
SC0420002,POWDERSVILLE WATER DISTRICT (SC0420002),C,A,ANDERSON,SWP,
SC3780006,PRIMO - PUBLIX 1671 (SC3780006),NC,A,OCONEE,SWP,
SC1373002,PRIMO BRANDS (SC1373002),NC,A,FLORENCE,GWP,
SC4680023,PRIMO-CVS 7036 CLOVER (SC4580023),NC,A,YORK,SWP,
SC1080078,PRIMO-FOOD LION 0252 (SC1080078),NC,A,CHARLESTON,SWP,
SC2680168,PRIMO-FOOD LION 0281 (SC2680168),NC,A,HORRY,SWP,
SC2680174,PRIMO-FOOD LION 0289 (2680174),NC,A,HORRY,SWP,
SC0880013,PRIMO-FOOD LION 0410 (0880013),NC,A,BERKELEY,SWP,
SC2680176,PRIMO-FOOD LION 0427 (2680176),NC,A,HORRY,SWP,
SC2280017,PRIMO-FOOD LION 0456 (2280017),NC,A,GEORGETOWN,SWP,
SC2280018,PRIMO-FOOD LION 0706 (2280018),NC,A,GEORGETOWN,SWP,
SC2680183,PRIMO-FOOD LION 0912 (SC2680183),NC,A,HORRY,SWP,
SC2680178,PRIMO-FOOD LION 0916 (2680178),NC,A,HORRY,SWP,
SC0780029,PRIMO-FOOD LION 0945 (0780029),NC,A,BEAUFORT,SWP,
SC2680169,PRIMO-FOOD LION 1047 (2680169),NC,A,HORRY,SWP,
SC1080076,PRIMO-FOOD LION 1097 (SC1080076),NC,A,CHARLESTON,SWP,
SC2280022,PRIMO-FOOD LION 1198 (SC2280022),NC,A,GEORGETOWN,SWP,
SC0780030,PRIMO-FOOD LION 1330 (0780030),NC,A,BEAUFORT,SWP,
SC0880011,PRIMO-FOOD LION 1378 (SC0880011),NC,A,BERKELEY,SWP,
SC2680180,PRIMO-FOOD LION 1384 (2680180),NC,A,HORRY,SWP,
SC2280021,PRIMO-FOOD LION 1389 (2280021),NC,A,GEORGETOWN,SWP,
SC1080077,PRIMO-FOOD LION 1444 (1080077),NC,A,CHARLESTON,SWP,
SC2680172,PRIMO-FOOD LION 1468 (2680172),NC,A,HORRY,SWP,
SC1880010,PRIMO-FOOD LION 1542 (SC1880010),NC,A,DORCHESTER,SWP,
SC2680185,PRIMO-FOOD LION 1556 (2680185),NC,A,HORRY,SWP,
SC2280020,PRIMO-FOOD LION 1583 (SC2280020),NC,A,GEORGETOWN,SWP,
SC2680179,PRIMO-FOOD LION 1595 (SC2680179),NC,A,HORRY,SWP,
SC3380001,PRIMO-FOOD LION 1597 (SC3380001),NC,A,MARION,GWP,
SC2680177,PRIMO-FOOD LION 1599 (2680177),NC,A,HORRY,SWP,
SC2680171,PRIMO-FOOD LION 1605 (2680171),NC,A,HORRY,SWP,
SC1080085,PRIMO-FOOD LION 1691 (SC1080085),NC,A,CHARLESTON,SWP,
SC2680193,PRIMO-FOOD LION 2240 (SC2680193),NC,A,HORRY,SWP,
SC4080033,PRIMO-FOOD LION 2241 (SC4080033),NC,A,RICHLAND,SWP,
SC2180007,PRIMO-FOOD LION 2242 (SC2180007),NC,A,FLORENCE,GWP,
SC1880018,PRIMO-FOOD LION 2247 (SC1880018),NC,A,DORCHESTER,SWP,
SC2680209,PRIMO-FOOD LION 2248,NC,A,HORRY,SWP,
SC2680210,PRIMO-FOOD LION 2249 (SC2680210),NC,A,HORRY,SWP,
SC1080084,PRIMO-FOOD LION 2532 (1080084),NC,A,CHARLESTON,SWP,
SC2680192,PRIMO-FOOD LION 2808 (SC2680192),NC,A,HORRY,SWP,
SC2280027,PRIMO-FOOD LION 2859 (SC2280027),NC,A,GEORGETOWN,SWP,
SC1080081,PRIMO-FOOD LION 933 (SC1080081),NC,A,CHARLESTON,SWP,
SC3280008,PRIMO-KROGER 002 (SC3280008),NC,A,LEXINGTON,SWP,
SC4080017,PRIMO-KROGER 012 (4080017),NC,A,RICHLAND,SWP,
SC2680163,PRIMO-KROGER 016 (SC2680163),NC,A,HORRY,SWP,
SC2680194,PRIMO-KROGER 020 (SC2680194),NC,A,HORRY,SWP,
SC2680187,PRIMO-KROGER 025 (SC2680187),NC,A,HORRY,SWP,
SC2680164,PRIMO-KROGER 026 (SC2680164),NC,A,HORRY,SWP,
SC4080014,PRIMO-KROGER 448 (4080014),NC,A,RICHLAND,SWP,
SC0780052,PRIMO-KROGER 499 (SC0780052),NC,A,BEAUFORT,SWP,
SC0280008,PRIMO-KROGER 640 (SC0280008),NC,A,AIKEN,SWP,
SC0780042,PRIMO-KROGER 671 (0780042),NC,A,JASPER,GWP,
SC0280006,PRIMO-KROGER 675 (SC0280006),NC,A,AIKEN,SWP,
SC4080035,PRIMO-KROGER 678 (4080035),NC,A,RICHLAND,SWP,
SC0780051,PRIMO-KROGER 703 (SC0780051),NC,A,BEAUFORT,SWP,
SC2380028,PRIMO-LA UNICA SUPERCENTER (SC2380028),NC,A,GREENVILLE,SWP,
SC2680188,PRIMO-LOWES FOOD 233 (SC2680188),NC,A,HORRY,SWP,
SC2380027,PRIMO-LOWES FOOD 264 (SC2380027),NC,A,GREENVILLE,SWP,
SC2680200,PRIMO-LOWES FOODS (SC2680200),NC,A,HORRY,SWP,
SC1080100,PRIMO-LOWES FOODS 265 (SC1080100),NC,A,CHARLESTON,SWP,
SC3280023,PRIMO-LOWES FOODS 267 (SC3280023),NC,A,LEXINGTON,SWP,
SC3280022,PRIMO-LOWES FOODS 268,NC,A,LEXINGTON,SWP,
SC1880017,PRIMO-LOWES FOODS 270 (SC1880017),NC,A,DORCHESTER,SWP,
SC4080037,PRIMO-LOWES FOODS 272 (SC4080037),NC,A,RICHLAND,SWP,
SC2280026,PRIMO-LOWES FOODS 9160 OCEAN HWY(2280026,NC,A,GEORGETOWN,SWP,
SC2680201,PRIMO-LOWES FOODS S MYRTLE BEACH 2680201,NC,A,HORRY,SWP,
SC0780049,PRIMO-MCAS BEAUFORT (SC0780049),NC,A,BEAUFORT,SWP,
SC0780038,PRIMO-MCX MARINE MART-LAUREL BAY0780038,NC,A,BEAUFORT,SWP,
SC0780040,PRIMO-MCX MARINE MART-PI (SC0780040),NC,A,BEAUFORT,SWP,
SC0780039,PRIMO-MCX MOBILE HOUSING COMMUNITY CTR,NC,A,BEAUFORT,SWP,
SC0780048,PRIMO-PUBLIX #1714 (SC0780048),NC,A,BEAUFORT,SWP,
SC4080038,PRIMO-PUBLIX 0017 (SC4080038),NC,A,RICHLAND,SWP,
SC0780025,PRIMO-PUBLIX 0473 (SC0780025),NC,A,BEAUFORT,GWP,
SC0280010,PRIMO-PUBLIX 0506 (SC0280010),NC,A,AIKEN,SWP,
SC0780028,PRIMO-PUBLIX 0700 (SC0780028),NC,A,BEAUFORT,GWP,
SC1880019,PRIMO-PUBLIX 0824 (SC1880019),NC,A,DORCHESTER,SWP,
SC0780027,PRIMO-PUBLIX 0845 (SC0780027),NC,A,BEAUFORT,SWP,
SC0780033,PRIMO-PUBLIX 1205 (SC0780033),NC,A,BEAUFORT,SWP,
SC0880014,PRIMO-PUBLIX 1266 (SC0880014),NC,A,BERKELEY,SWP,
SC2780002,PRIMO-PUBLIX 1354 (SC2780002),NC,A,JASPER,SWP,
SC3980005,PRIMO-PUBLIX 1379 (3980005),NC,A,PICKENS,SWP,
SC3280013,PRIMO-PUBLIX 1383 (SC3280013),NC,A,LEXINGTON,SWP,
SC4680010,PRIMO-PUBLIX 1412 (4680010),NC,A,YORK,SWP,
SC4680013,PRIMO-PUBLIX 1419 (SC4680013),NC,A,YORK,SWP,
SC0780045,PRIMO-PUBLIX 1463 (SC0780045),NC,A,BEAUFORT,SWP,
SC2480002,PRIMO-PUBLIX 1464 (2480002),NC,A,GREENWOOD,SWP,
SC2680202,PRIMO-PUBLIX 1479 (2680202),NC,A,HORRY,SWP,
SC4680019,PRIMO-PUBLIX 1482 (SC4680019),NC,A,YORK,SWP,
SC4680017,PRIMO-PUBLIX 1485 (SC4680017),NC,A,YORK,SWP,
SC4680020,PRIMO-PUBLIX 1486 (SC4680020),NC,A,YORK,SWP,
SC2680203,PRIMO-PUBLIX 1510 (2680203),NC,A,HORRY,SWP,
SC3280021,PRIMO-PUBLIX 1511 CHAPIN (3280021),NC,A,LEXINGTON,SWP,
SC2680205,PRIMO-PUBLIX 1524 (SC2680205),NC,A,HORRY,SWP,
SC2680208,PRIMO-PUBLIX 1568 (SC2680208),NC,A,HORRY,SWP,
SC2380029,PRIMO-PUBLIX 1608 (SC2380029),NC,A,GREENVILLE,SWP,
SC3280024,PRIMO-PUBLIX 1637 (SC3280024),NC,A,LEXINGTON,SWP,
SC1080099,PRIMO-PUBLIX 1645  (SC1080099),NC,A,CHARLESTON,SWP,
SC0880021,PRIMO-PUBLIX 1646 (SC0880021),NC,A,BERKELEY,SWP,
SC0780047,PRIMO-PUBLIX 1716 BEAUFORT (SC0780047),NC,A,BEAUFORT,SWP,
SC2380031,PRIMO-PUBLIX 1717 (SC2380031),NC,A,GREENVILLE,SWP,
SC2380034,PRIMO-PUBLIX 1767 (SC2380034),NC,A,GREENVILLE,SWP,
SC0880022,PRIMO-PUBLIX 1775 (SC0880022),NC,A,BERKELEY,SWP,
SC2680212,PRIMO-PUBLIX 1806 (SC2680212),NC,A,HORRY,SWP,
SC2680211,PRIMO-PUBLIX 1812 (SC2680211),NC,A,HORRY,SWP,
SC4280027,PRIMO-PUBLIX 1856 (SC4280027),NC,A,SPARTANBURG,SWP,
SC0480017,PRIMO-PUBLIX 563 (SC0480017),NC,A,ANDERSON,SWP,
SC4080006,PRIMO-PUBLIX 587 (SC4080006),NC,A,RICHLAND,SWP,
SC4080036,PRIMO-PUBLIX 656 (SC4080036),NC,A,RICHLAND,SWP,
SC2280028,PRIMO-PUBLIX PAWLEYS ISLAND (SC2280028),NC,A,GEORGETOWN,SWP,
SC2380030,PRIMO-SPROUTS 563 (SC2380030),NC,A,GREENVILLE,SWP,
SC1680002,PRIMO-WALMART (SC1680002),NC,A,DARLINGTON,GWP,
SC0280004,PRIMO-WALMART 0514 (0280004),NC,A,AIKEN,SWP,
SC2680160,PRIMO-WALMART 0574 (SC2680160),NC,A,HORRY,SWP,
SC4680006,PRIMO-WALMART 0585 (4680006),NC,A,YORK,SWP,
SC3880004,PRIMO-WALMART 0616 (3880004),NC,A,ORANGEBURG,SWP,
SC3680001,PRIMO-WALMART 0624 (SC3680001),NC,A,NEWBERRY,SWP,
SC1780001,PRIMO-WALMART 0627 (SC1780001),NC,A,DILLON,GWP,
SC1880008,PRIMO-WALMART 0628 (1880008),NC,A,DORCHESTER,SWP,
SC2180004,PRIMO-WALMART 0630 (SC2180004),NC,A,FLORENCE,GWP,
SC3980003,PRIMO-WALMART 0631 (SC3980003),NC,A,PICKENS,SWP,
SC1080093,PRIMO-WALMART 0632 (SC1080093),NC,A,CHARLESTON,SWP,
SC1380001,PRIMO-WALMART 0642 (SC1380001),NC,A,CHESTERFIELD,SWP,
SC0480005,PRIMO-WALMART 0644 (0480005),NC,A,ANDERSON,SWP,
SC1480001,PRIMO-WALMART 1017 (1480001),NC,A,CLARENDON,GWP,
SC2980001,PRIMO-WALMART 1030 (SC2980001),NC,A,LANCASTER,SWP,
SC4280006,PRIMO-WALMART 1035 (SC4280006),NC,A,SPARTANBURG,SWP,
SC1880009,PRIMO-WALMART 1037 (SC1880009),NC,A,DORCHESTER,SWP,
SC3780002,PRIMO-WALMART 1123 (3780002),NC,A,OCONEE,SWP,
SC3080001,PRIMO-WALMART 1130 (3080001),NC,A,LAURENS,SWP,
SC4680005,PRIMO-WALMART 1144 (4680005),NC,A,YORK,SWP,
SC0880010,PRIMO-WALMART 1146 (SC0880010),NC,A,BERKELEY,SWP,
SC3280006,PRIMO-WALMART 1183 (SC3280006),NC,A,LEXINGTON,SWP,
SC4080009,PRIMO-WALMART 1339 (SC4080009),NC,A,RICHLAND,SWP,
SC1580003,PRIMO-WALMART 1358 (SC1580003),NC,A,COLLETON,GWP,
SC2480001,PRIMO-WALMART 1382 (2480001),NC,A,GREENWOOD,SWP,
SC0780024,PRIMO-WALMART 1383 (SC0780024),NC,A,BEAUFORT,SWP,
SC1280001,PRIMO-WALMART 1603 (1280001),NC,A,CHESTER,SWP,
SC1080068,PRIMO-WALMART 1748 (SC1080068),NC,A,CHARLESTON,SWP,
SC3380002,PRIMO-WALMART 1829 (SC3380002),NC,A,MARION,GWP,
SC2380020,PRIMO-WALMART 2328 (SC2380020),NC,A,GREENVILLE,SWP,
SC4280007,PRIMO-WALMART 2687 (4280007),NC,A,SPARTANBURG,SWP,
SC2180003,PRIMO-WALMART 2703 (2180003),NC,A,FLORENCE,GWP,
SC4280004,PRIMO-WALMART 2806 (SC4280004),NC,A,SPARTANBURG,SWP,
SC2680206,PRIMO-WALMART 2870 (SC2680206),NC,A,HORRY,SWP,
SC2680199,PRIMO-WALMART 2887 (SC2680199),NC,A,HORRY,SWP,
SC3980004,PRIMO-WALMART 3191 (SC3980004),NC,A,PICKENS,SWP,
SC0480014,PRIMO-WALMART 3192 (SC0480014),NC,A,ANDERSON,SWP,
SC3980002,PRIMO-WALMART 3222 (SC3980002),NC,A,PICKENS,SWP,
SC4280026,PRIMO-WALMART 3338 (SC4280026),NC,A,SPARTANBURG,SWP,
SC4680021,PRIMO-WALMART 3359 (4680021),NC,A,YORK,SWP,
SC1080067,PRIMO-WALMART 3367 (1080067),NC,A,CHARLESTON,SWP,
SC2280029,PRIMO-WALMART 3442 (SC2280029),NC,A,GEORGETOWN,SWP,
SC2380024,PRIMO-WALMART 3628 (SC2380024),NC,A,GREENVILLE,SWP,
SC0880018,PRIMO-WALMART 3646 (0880018),NC,A,BERKELEY,SWP,
SC1080095,PRIMO-WALMART 3713 (1080095),NC,A,CHARLESTON,SWP,
SC3880006,PRIMO-WALMART 3724 (3880006),NC,A,ORANGEBURG,SWP,
SC4680007,PRIMO-WALMART 3733 (4680007),NC,A,YORK,SWP,
SC4380009,PRIMO-WALMART 377 (SC4380009),NC,A,SUMTER,GWP,
SC0880019,PRIMO-WALMART 3899 (SC0880019),NC,A,BERKELEY,SWP,
SC2380021,PRIMO-WALMART 4145 (2380021),NC,A,GREENVILLE,SWP,
SC1080083,PRIMO-WALMART 4384 (SC1080083),NC,A,CHARLESTON,SWP,
SC3280009,PRIMO-WALMART 4420 (3280009),NC,A,LEXINGTON,SWP,
SC4080025,PRIMO-WALMART 4440 (4080025),NC,A,RICHLAND,SWP,
SC0480016,PRIMO-WALMART 4443 (SC0480016),NC,A,ANDERSON,SWP,
SC3980006,PRIMO-WALMART 4445 (3980006),NC,A,PICKENS,SWP,
SC2380025,PRIMO-WALMART 4452 (SC2380025),NC,A,GREENVILLE,SWP,
SC3480001,PRIMO-WALMART 4457 (SC3480001),NC,A,MARLBORO,SWP,
SC0280007,PRIMO-WALMART 4487 (0280007),NC,A,AIKEN,SWP,
SC4080022,PRIMO-WALMART 4506 (SC4080022),NC,A,RICHLAND,SWP,
SC3280010,PRIMO-WALMART 4521 (3280010),NC,A,LEXINGTON,SWP,
SC2380009,PRIMO-WALMART 4583 (SC2380009),NC,A,GREENVILLE,SWP,
SC4680008,PRIMO-WALMART 4593 (SC4680008),NC,A,YORK,SWP,
SC1880016,PRIMO-WALMART 5279 (SC1880016),NC,A,DORCHESTER,SWP,
SC3280020,PRIMO-WALMART 5291 (SC3280020),NC,A,LEXINGTON,SWP,
SC2680207,PRIMO-WALMART 5367 (SC2680207),NC,A,HORRY,SWP,
SC2380026,PRIMO-WALMART 5371 (SC2380026),NC,A,GREENVILLE,SWP,
SC3280019,PRIMO-WALMART 5378 (3280019),NC,A,LEXINGTON,SWP,
SC4380008,PRIMO-WALMART 5383 (4380008),NC,A,SUMTER,GWP,
SC2380007,PRIMO-WALMART 5487 (SC2380007),NC,A,GREENVILLE,SWP,
SC2680204,PRIMO-WALMART 5923 (SC2680204),NC,A,HORRY,SWP,
SC1880014,PRIMO-WALMART 6174 (1880014),NC,A,DORCHESTER,SWP,
SC2480003,PRIMO-WALMART 6887 (SC2480003),NC,A,GREENWOOD,SWP,
SC4680018,PRIMO-WALMART 6962 (4680018),NC,A,YORK,SWP,
SC0780050,PRIMO-WALMART 7181 (SC0780050),NC,A,BEAUFORT,SWP,
SC0780046,PRIMO-WALMART BLUFFTON (SC0780046),NC,A,BEAUFORT,SWP,
SC2180005,PRIMO-WALMART LAKE CITY 0621 (2180005),NC,A,FLORENCE,GWP,
SC2180006,PRIMO-WALMART-FRESH MARKET (SC2180006),NC,A,FLORENCE,SWP,
SC0280009,PRIMO-WALMART-SWEETWATER (0280009),NC,A,AIKEN,SWP,
SC0872034,PRINGLETOWN QUICK STOP (SC0872034),NC,A,BERKELEY,GW,
SC3610005,PROSPERITY TOWN OF (SC3610005),C,A,NEWBERRY,SWP,
SC3970907,PUMPKINTOWN MOUNTAIN (SC3970907),NC,A,PICKENS,GW,
SC3970203,PUMPKINTOWN STORE (SC3970203),NC,A,PICKENS,GW,
SC3270850,PUTNAMS HARBOR MARINA (SC3270850),NC,A,LEXINGTON,GW,
SC4080005,QLS - ROSEWOOD MARKET (4080005),NC,A,RICHLAND,SWP,
SC4350014,QUAIL HOLLOW S/D (SC4350014),C,A,SUMTER,GW,
SC4660063,QUAIL MEADOWS PARK LLC (SC4660063),C,A,YORK,GW,
SC0860067,QUATTLEBAUM MHP (SC0860067),NC,A,BERKELEY,GW,
SC3060005,R&S LAKEVIEW PARK LLC (3060005),NC,A,LAURENS,GW,
SC3050008,RANCH ROAD WATER (SC3050008),C,A,LAURENS,GW,
SC4070964,RCRC-GADSDEN PARK (SC4070964),NC,A,RICHLAND,GW,
SC4070112,RCRC/CROSSROAD PARK (SC4070112),NC,A,RICHLAND,GW,
SC2370924,REEDY FORK  ROCKY CRK FAIRGRD (SC2370924,NC,A,GREENVILLE,GW,
SC3260170,REGENCY SQUARE 2 (SC3260170),C,A,LEXINGTON,GW,
SC4670955,RENEWABLE RESOURCE ENERGY (SC4670955),NC,A,YORK,GW,
SC1830007,RESONAC GRAPHITE AMERICA INC (SC1830007),NTNC,A,DORCHESTER,GW,
SC4160011,RICHARD DEASON MHP (SC4160011),C,A,SALUDA,GW,
SC4050042,RICHLAND CO/POND DRIVE (SC4050042),C,A,RICHLAND,GW,
SC4060038,RICHLAND ESTATES MHC (SC4060038),C,A,RICHLAND,GW,
SC3250105,RIDGE POINTE S/D (SC3250105),C,A,LEXINGTON,GW,
SC4110002,RIDGE SPRING TOWN OF (SC4110002),C,A,SALUDA,SWP,
SC2710001,RIDGELAND TOWN OF (2710001),C,A,JASPER,GW,
SC1830031,RIDGEVILLE INDUSTRIAL CAMPUS (SC1830031),C,A,DORCHESTER,GW,
SC1810004,RIDGEVILLE TOWN OF (SC1810004),C,A,DORCHESTER,GW,
SC2070002,RIDGEWAY MANOR (SC2070002),C,A,FAIRFIELD,GW,
SC2010002,RIDGEWAY TOWN OF (SC2010002),C,A,FAIRFIELD,SWP,
SC3950005,RIVER BLUFF S/D (SC3950005),C,A,PICKENS,GW,
SC3270803,RIVER BOTTOM FARMS C/G (SC3270803),NC,A,LEXINGTON,GW,
SC2170802,RIVER NECK ACRES (SC2170802),NC,A,FLORENCE,GW,
SC2370881,RIVER OAKS RETREAT CENTER (SC2370881),NC,A,GREENVILLE,GW,
SC1570801,RIVER REST CG (SC1570801),NC,A,COLLETON,GW,
SC4620001,RIVERVIEW RURAL CWS (SC4620001),C,A,YORK,SWP,
SC3670913,RIVERWINDS LANDING (SC3670913),NC,A,NEWBERRY,GW,
SC1530803,RIZERS PORK & PRODUCE (SC1530803),NC,A,COLLETON,GW,
SC2770105,ROBERTVILLE SENIOR CENTER (SC2770105),NTNC,A,JASPER,GW,
SC4610002,ROCK HILL CITY OF (SC4610002),C,A,YORK,SW,
SC3950007,ROCK POINT HOA (SC3950007),C,A,PICKENS,GW,
SC3250099,ROCKFORD PLACE-CHARWOOD (SC3250099),C,A,LEXINGTON,GW,
SC3870801,ROCKS POND CAMPGROUND (SC3870801),NC,A,ORANGEBURG,GW,
SC3970677,ROCKY BOTTOM CAMP-BLIND (SC3970677),NC,A,PICKENS,GW,
SC1970675,ROCKY CREEK CHRISTIAN RETREAT (1970675),NC,A,MCCORMICK,GW,
SC1270916,ROCKY CREEK SPORTING CLAYS (1270916),NC,A,CHESTER,GW,
SC4420003,ROCKY CREEK W/D (SC4420003),C,A,UNION,SWP,
SC1270920,RODDEY BBQ (SC1270920),NC,A,CHESTER,GW,
SC1270908,RODMAN BALL FIELDS (SC1270908),NC,A,CHESTER,GW,
SC3260027,ROLLING MEADOWS MHP (3260027),C,A,LEXINGTON,GW,
SC1870200,RONNIES STATION (1870200),NC,A,DORCHESTER,GW,
SC4670251,ROUTE 55 COUNTRY GRILL & STORE(4670251),NC,A,YORK,GW,
SC1072014,ROXBURY MERCANTILE (SC1072014),NC,A,CHARLESTON,GW,
SC2470920,ROYAL FOOD STORE #7 (2470920),NC,A,GREENWOOD,GW,
SC3279027,RUCKERS COUNTRY STORE (SC3279027),NC,A,LEXINGTON,GW,
SC1574005,RUFFIN DOLLAR GENERAL (SC1574005),NC,A,COLLETON,GW,
SC0870859,RUSSELLVILLE PAVILLION (SC0870859),NC,A,BERKELEY,GW,
SC1080071,S SANTEE GRMNTWN FS DISP (SC1080071),NC,A,CHARLESTON,GW,
SC1570921,S&G GROCERY (1570921),NC,A,COLLETON,GW,
SC0870217,S&S CAMPGROUND #1 (SC0870217),NC,A,BERKELEY,GW,
SC4070935,S&S CORNER MART (SC4070935),NC,A,RICHLAND,GW,
SC0872012,S&S MOTEL AND DINER (SC0872012),NC,A,BERKELEY,GW,
SC3710001,SALEM TOWN OF (SC3710001),C,A,OCONEE,SWP,
SC0210005,SALLEY TOWN OF (SC0210005),C,A,AIKEN,GW,
SC4670240,SALON 108 (SC4670240),NC,A,YORK,GW,
SC4120001,SALUDA CO W&S AUTHORITY (4120001),C,A,SALUDA,SW,
SC4110001,SALUDA CPW (SC4110001),C,A,SALUDA,SWP,
SC4174003,SALUDA LIVESTOCK EXCHANGE (SC4174003),NC,A,SALUDA,GW,
SC3670800,SALUDA RIVER RESORT (SC3670800),NC,A,NEWBERRY,GW,
SC2670924,SAM #8 (SC2670924),NC,A,HORRY,GW,
SC1460010,SAMS CAMPGROUND  (SC1460010),NC,A,CLARENDON,GW,
SC3260183,SAND MOUNTAIN MHP (SC3260183),C,A,LEXINGTON,GW,
SC4672008,SANDERSON PROPERTY (SC4672008),NC,A,YORK,GW,
SC4060064,SANDY HILL MHP (SC4060064),C,A,RICHLAND,GW,
SC0860037,SANDY RUN MHP (SC0860037),C,A,BERKELEY,GW,
SC0420003,SANDY SPRINGS WATER CO INC (SC0420003),C,A,ANDERSON,SWP,
SC0830019,SANTEE COOPER CROSS PLT (SC0830019),NTNC,A,BERKELEY,GW,
SC0870918,SANTEE COOPER WAMPEE SOMERSET (0870918),NC,A,BERKELEY,GW,
SC4570931,SANTEE GROCERY (SC4570931),NC,A,WILLIAMSBURG,GW,
SC1470800,SANTEE LAKES KOA (SC1470800),NC,A,CLARENDON,GW,
SC3810011,SANTEE TOWN OF (SC3810011),C,A,ORANGEBURG,SWP,
SC4420007,SANTUCK HEBRON WATER CO (SC4420007),C,A,UNION,SWP,
SC2380032,SAPHA WATER-GNL PLEASANTBURG (SC2380032),NC,A,GREENVILLE,SWP,
SC2380033,SAPHA WATER-GNL WOODRUFF,NC,A,GREENVILLE,SWP,
SC0172004,SAXON'S HOTDOGS (SC0172004),NC,A,ABBEVILLE,GW,
SC1870935,SC DPS NORTHBOUND I95 WEIGH STATION,NC,A,DORCHESTER,GW,
SC1470909,SC WATERFOWL ASSOCIATION (1470909),NC,A,CLARENDON,GW,
SC1470854,SCARBOROUGH LANDING (SC1470854),NC,A,CLARENDON,GW,
SC4070956,SCARNG - KASSERINE PASS (4070956),NC,A,RICHLAND,GW,
SC0670918,SCAT PARK WATER SYSTEM (0670918),NTNC,A,BARNWELL,GW,
SC3770601,SCDNR-WALHALLA FISH HATCHERY (3770601),NC,A,OCONEE,GW,
SC3260081,SCENIC DRIVE MHP (SC3260081),C,A,LEXINGTON,GW,
SC3870934,SCOTCHMAN (SC3870934),NC,A,ORANGEBURG,GW,
SC0970910,SCOTCHMAN 3886 (SC0970910),NC,A,CALHOUN,GW,
SC2510008,SCOTIA TOWN OF (SC2510008),C,A,HAMPTON,GW,
SC4660105,SCOTLAND YARD MHP (SC4660105),C,A,YORK,GW,
SC0270601,SCPRT-AIKEN CAMPGROUND (0270601),NC,A,AIKEN,GW,
SC0270600,SCPRT-AIKEN SWIMMING AREA  (0270600),NC,A,AIKEN,GW,
SC2370603,SCPRT-CAMP BUCKHORN W/S (SC2370603),NC,A,GREENVILLE,GW,
SC1270600,SCPRT-CHESTER (1270600),NC,A,CHESTER,GW,
SC1570600,SCPRT-COLLETON WAYSIDE (SC1570600),NC,A,COLLETON,GW,
SC4270603,SCPRT-CROFT SP-LAKESIDE CG (4270603),NC,A,SPARTANBURG,GW,
SC4270602,SCPRT-CROFT STATE PARK-TWIN (4270602),NC,A,SPARTANBURG,GW,
SC3770608,SCPRT-DEVILS FORK (SC3770608),NC,A,OCONEE,GW,
SC1870600,SCPRT-GIVHAN'S PARK (SC1870600),NC,A,DORCHESTER,GW,
SC1370902,SCPRT-H COOPER BLACK REC AREA (1370902),NC,A,CHESTERFIELD,GW,
SC3570603,SCPRT-HAMILTON BRANCH (3570603),NC,A,MCCORMICK,GW,
SC1070600,SCPRT-HAMPTON PLANTATION (1070600),NC,A,CHARLESTON,GW,
SC0170901,SCPRT-JIM RAMPEY REC (SC0170901),NC,A,ABBEVILLE,GW,
SC2370688,SCPRT-JONES GAP STATE PARK (SC2370688),NC,A,GREENVILLE,GW,
SC4670603,SCPRT-KINGS MT CRAWFORD (SC4670603),NC,A,YORK,GW,
SC4670881,SCPRT-KINGS MTN SP-CAMP CHEROKEE 4670881,NC,A,YORK,GW,
SC4670880,SCPRT-KINGS MTN SP-CAMP YORK (SC4670880),NC,A,YORK,GW,
SC2570600,SCPRT-LAKE WARREN SP (SC2570600),NC,A,HAMPTON,GW,
SC1270601,SCPRT-LANDSFORD STATE PARK (1270601),NC,A,CHESTER,GW,
SC3770600,SCPRT-OCONEE STATE PARK (3770600),NC,A,OCONEE,GW,
SC3770659,SCPRT-OCONEE STATION (SC3770659),NC,A,OCONEE,GW,
SC3970607,SCPRT-TABLE ROCK SP (3970607),NC,A,PICKENS,GW,
SC2110009,SCRANTON TOWN OF (SC2110009),C,A,FLORENCE,GW,
SC4679003,SD SUPERETTE (SC4679003),NC,A,YORK,GW,
SC1010009,SEABROOK ISLAND TOWN OF (1010009),C,A,CHARLESTON,SWP,
SC0771004,SEASIDE FARMS SHOP HOUSING (SC0771004),NC,A,BEAUFORT,GW,
SC3710002,SENECA CITY OF (SC3710002),C,A,OCONEE,SW,
SC4072010,SERENDIPITY(SC4072010),NC,A,RICHLAND,GW,
SC4670878,SERENITY CLUB OF YORK CO (SC4670878),NC,A,YORK,GW,
SC3250060,SHADY ACRES (SC3250060),C,A,LEXINGTON,GW,
SC4610005,SHARON TOWN OF (SC4610005),C,A,YORK,GW,
SC4310501,SHAW AFB (SC4310501),C,A,SUMTER,GW,
SC4360012,SHAW MOBILE HOME PARK (SC4360012),C,A,SUMTER,GW,
SC3250102,SHEALY ESTATES III (SC3250102),C,A,LEXINGTON,GW,
SC0770927,SHELDON CONVENIENCE STORE (0770927),NC,A,BEAUFORT,GW,
SC4670957,SHIELD OF FAITH (SC4670957),NC,A,YORK,GW,
SC4320005,SHILOH WATER SYSTEM (SC4320005),C,A,SUMTER,GW,
SC3279014,SHIV MART #4 (3279014),NC,A,LEXINGTON,GW,
SC4670981,SHREE BAPS LLC (SC4670981),NC,A,YORK,GW,
SC1070915,SHREE FOOD MART (SC1070915),NC,A,CHARLESTON,GW,
SC2570907,SHUMANS STOP AND SHOP (2570907),NC,A,HAMPTON,GW,
SC3270802,SIESTA COVE RV PARK MARINA (SC3270802),C,A,LEXINGTON,GW,
SC4060019,SILVER HILL MANUF HOME COMM. (SC4060019),C,A,RICHLAND,GW,
SC3260022,SILVER LAKE MHP (SC3260022),C,A,LEXINGTON,GW,
SC3820002,SILVER SPRINGS W/D (SC3820002),C,A,ORANGEBURG,SWP,
SC3920002,SIX MILE W/D (SC3920002),C,A,PICKENS,SWP,
SC4220006,SJWD MIDDLE TYGER WTP (SC4220006),C,A,SPARTANBURG,SW,
SC3070853,SKIPPERS MARINA & CAMPGROUND (SC3070853),NC,A,LAURENS,GW,
SC3870401,SLUMBERLAND MOTEL (SC3870401),NC,A,ORANGEBURG,GW,
SC1510002,SMOAKS TOWN OF (1510002),C,A,COLLETON,GW,
SC0170200,SOGGY BOTTOM GRILL (SC0170200),NC,A,ABBEVILLE,GW,
SC0720001,SOUTH ISLAND PSD (SC0720001),C,A,BEAUFORT,GW,
SC1770208,SOUTH OF THE BORDER (SC1770208),NTNC,A,DILLON,GW,
SC0270922,SOUTH ON WHISKEY(SC0270922),NC,A,AIKEN,GW,
SC3270851,SOUTH SHORE MARINA LLC (SC3270851),NC,A,LEXINGTON,GW,
SC3660006,SOUTHERN COMFORT (SC3660006),NC,A,NEWBERRY,GW,
SC4270234,SOUTHERN MANNERS (SC4270234),NC,A,SPARTANBURG,GW,
SC4172001,SOUTHERN THYMES (SC4172001),NC,A,SALUDA,GW,
SC3920010,SOUTHSIDE W/D (3920010),C,A,PICKENS,SWP,
SC4674007,SOUTHTOWN WATER SPORTS PARK (SC4674007),NC,A,YORK,GW,
SC1170800,SPACIOUS SKIES PEACH HAVEN (SC1170800),NC,A,CHEROKEE,GW,
SC4210001,SPARTANBURG WATER SYSTEM (SC4210001),C,A,SPARTANBURG,SW,
SC4670255,SPEEDY EXPRESS (4670255),NC,A,YORK,GW,
SC0870857,SPIERS LANDING (SC0870857),NC,A,BERKELEY,GW,
SC0872038,SPORTSMAN BAR & GRILL (SC0872038),NC,A,BERKELEY,GW,
SC3810009,SPRINGFIELD TOWN OF (SC3810009),C,A,ORANGEBURG,GW,
SC0270909,SREL CONFERENCE CENTER (SC0270909),NC,A,AIKEN,GW,
SC0230501,SRNS LLC A-AREA (SC0230501),NTNC,A,AIKEN,GW,
SC1810001,ST GEORGE TOWN OF (SC1810001),C,A,DORCHESTER,GW,
SC1070143,ST JAMES SCHOOL (SC1070143),NTNC,A,CHARLESTON,GW,
SC1070006,ST JAMES-SANTEE FHC INC (SC1070006),NTNC,A,CHARLESTON,GW,
SC1020002,ST JOHN'S WATER (SC1020002),C,A,CHARLESTON,SWP,
SC0910001,ST MATTHEWS TOWN OF (SC0910001),C,A,CALHOUN,GW,
SC0272015,STABLEVIEW LLC (SC0272015),NC,A,AIKEN,GW,
SC3470200,STANTON'S BBQ (SC3470200),NC,A,MARLBORO,GW,
SC0420005,STARR-IVA W/D (SC0420005),C,A,ANDERSON,SWP,
SC3250018,STEPHENSON'S LAKE (SC3250018),C,A,LEXINGTON,SWP,
SC4630046,STEPHENSON-WEIR INC (SC4630046),NC,A,YORK,GW,
SC0270924,STOP & SAVE LLC (SC0270924),NC,A,AIKEN,GW,
SC4510003,STUCKEY TOWN OF (SC4510003),C,A,WILLIAMSBURG,GW,
SC1572002,SUBWAY-COTTAGEVILLE (1572002),NC,A,COLLETON,GW,
SC1010003,SULLIVANS ISLAND TOWN OF (1010003),C,A,CHARLESTON,SWP,
SC1410003,SUMMERTON TOWN OF (SC1410003),C,A,CLARENDON,GW,
SC1810003,SUMMERVILLE CPW (SC1810003),C,A,DORCHESTER,SWP,
SC4310001,SUMTER CITY OF (SC4310001),C,A,SUMTER,GW,
SC4320002,SUMTER CO-WEDGEFIELD-STATEBURG WD,C,A,SUMTER,GW,
SC4350016,SUMTER-WESSEX S/D (SC4350016),C,A,SUMTER,GW,
SC3870804,SUNNY DAY RV PARK,NC,A,ORANGEBURG,GW,
SC3260138,SUNNYVALE MHP (SC3260138),C,A,LEXINGTON,GW,
SC3050013,SUNSET POINTE S/D (SC3050013),C,A,LAURENS,GW,
SC2830003,SUOMINEN NONWOVENS (SC2830003),NTNC,A,KERSHAW,GW,
SC1470412,SUPER 8 MOTEL (SC1470412),NC,A,CLARENDON,GW,
SC2070852,SUTTONS LANDING (2070852),NC,A,FAIRFIELD,GW,
SC3210006,SWANSEA TOWN OF (SC3210006),C,A,LEXINGTON,SWP,
SC0670800,SWEETWATER COUNTRY CLUB (0670800),NC,A,BARNWELL,GW,
SC0970800,SWEETWATER LAKE (SC0970800),NC,A,CALHOUN,GW,
SC4280014,SWS-ICE HOUSE 1 (4280014),NC,A,SPARTANBURG,SWP,
SC4280019,SWS-ICE HOUSE 10 (4280019),NC,A,SPARTANBURG,SWP,
SC4280021,SWS-ICE HOUSE 12 (SC4280021),NC,A,SPARTANBURG,SWP,
SC4280015,SWS-ICE HOUSE 2 (4280015),NC,A,SPARTANBURG,SWP,
SC4280010,SWS-ICE HOUSE 3A (4280010),NC,A,SPARTANBURG,SWP,
SC4280012,SWS-ICE HOUSE 4 (4280012),NC,A,SPARTANBURG,SWP,
SC4280011,SWS-ICE HOUSE 5 (SC4280011),NC,A,SPARTANBURG,SWP,
SC4280009,SWS-ICE HOUSE 6 (4280009),NC,A,SPARTANBURG,SWP,
SC4280016,SWS-ICE HOUSE 7 (4280016,NC,A,SPARTANBURG,SWP,
SC4280017,SWS-ICE HOUSE 8 (4280017),NC,A,SPARTANBURG,SWP,
SC4280018,SWS-ICE HOUSE 9 (4280018),NC,A,SPARTANBURG,SWP,
SC4210003,SWS-LANDRUM WTP (SC4210003),C,A,SPARTANBURG,SW,
SC4030005,SYLVAMO EASTOVER MILL (SC4030005),NTNC,A,RICHLAND,GW,
SC1072002,T W  GRAHAM CO (SC1072002),NC,A,CHARLESTON,GW,
SC4672000,T&M FOOD STORE (4672000),NC,A,YORK,GW,
SC3970300,TABLE ROCK RESORT (SC3970300),C,A,PICKENS,GW,
SC3970800,TABLE ROCK RETREAT AND CONF CENTER,NC,A,PICKENS,GW,
SC0220005,TALATHA W/D (SC0220005),C,A,AIKEN,GW,
SC1870800,TANAGER WOODS RV CG (SC1870800),NC,A,DORCHESTER,GW,
SC4670958,TANGO MART (4670958),NC,A,YORK,GW,
SC1470853,TAW CAW CAMPGROUND & MARINA (SC1470853),NC,A,CLARENDON,GW,
SC0760015,TAYLOR MH ESTATE (SC0760015),C,A,BEAUFORT,GW,
SC3860001,TAYLORS LANDING & CAMPGROUND (SC3860001),NC,A,ORANGEBURG,GW,
SC4670977,TC SHAVED ICE (4670977),NC,A,YORK,GW,
SC4610008,TEGA CAY CITY OF (SC4610008),C,A,YORK,SWP,
SC2770908,TEMPTATIONS (SC2770908),NC,A,JASPER,GW,
SC1070236,THE BENT ROD (SC1070236),NC,A,CHARLESTON,GW,
SC2470875,THE FORT CLUB (SC2470875),NC,A,GREENWOOD,GW,
SC4072007,THE FRIENDLY CATERER (SC4072007),NC,A,RICHLAND,GW,
SC3272007,THE MASTER'S MOTOPLEX (SC3272007),NC,A,LEXINGTON,GW,
SC1470932,THE MATRIX CENTER (SC1470932),NC,A,CLARENDON,GW,
SC4672009,THE PEACH TREE (SC4672009),NC,A,YORK,GW,
SC0270876,THE TREE FARM (SC0270876),NC,A,AIKEN,GW,
SC3674002,THE VENUE AT MURPHY HILL (SC3674002),NC,A,NEWBERRY,GW,
SC2680181,THE WATER STORE (SC2680181),NC,A,HORRY,SWP,
SC4674016,THERAPY WORKS 4 KIDS (SC4674016),NC,A,YORK,GW,
SC2660045,THOMPKINS MHP (SC2660045),C,A,HORRY,GW,
SC3670904,THREE B CORNER (SC3670904),NC,A,NEWBERRY,GW,
SC1974001,THREE STAR VINEYARDS (SC1974001),NC,A,EDGEFIELD,GW,
SC2770212,TIGER EXPRESS #11 (SC2770212),NC,A,JASPER,GW,
SC3750006,TIMBER LAKE I (SC3750006),C,A,OCONEE,GW,
SC3750007,TIMBER LAKE II (SC3750007),C,A,OCONEE,GW,
SC4130002,TIMBERMEN INC 'THE' (4130002),NTNC,A,SALUDA,GW,
SC1971009,TITAN FARMS CAMP 5 (1971009),NC,A,EDGEFIELD,GW,
SC4171004,TITAN FARMS CAMP 6 (SC4171004),NC,A,SALUDA,GW,
SC1971010,TITAN FARMS CAMP 9 (SC1971010),NC,A,EDGEFIELD,GW,
SC0271005,TITAN FARMS TIMMERMAN CAMP (SC0271005),NC,A,AIKEN,GW,
SC0172001,TOJO'S WELL (SC0172001),NC,A,ABBEVILLE,GW,
SC1472006,TOMMY MAC'S (SC1472006),NC,A,CLARENDON,GW,
SC4171005,TOPAZ ROAD CAMP (SC4171005),NC,A,SALUDA,GW,
SC1079030,TRI STATE LIFE SAFETY (SC1079030),NC,A,CHARLESTON,GW,
SC0970901,TRI-COUNTY ELECTRIC COOP (0970901),NTNC,A,CALHOUN,GW,
SC1720001,TRICO WATER COMPANY (SC1720001),C,A,DILLON,GW,
SC0870136,TRINITY CHRISTIAN ACADEMY (SC0870136),NC,A,BERKELEY,GW,
SC3260049,TRIPLE ACRES MHP 1 (SC3260049),C,A,LEXINGTON,GW,
SC3260029,TRIPLE ACRES MHP 2 (SC3260029),C,A,LEXINGTON,GW,
SC0220016,TROLLEY RUN STATION DEVELOPMENT(0220016),C,A,AIKEN,GW,
SC2380036,TUCKER ICE AND WATER VENDING (SC2380036),NC,A,GREENVILLE,SWP,
SC3770930,TUNNEL TOWN EXPRESS (SC3770930),NC,A,OCONEE,GW,
SC1410004,TURBEVILLE TOWN OF (SC1410004),C,A,CLARENDON,GW,
SC3750022,TURTLEHEAD AT KEOWEE S/D (SC3750022),C,A,OCONEE,GW,
SC4660007,TWIN LAKES ESTATES (SC4660007),C,A,YORK,SWP,
SC3272010,TWISTED TAYLORS (SC3272010),NC,A,LEXINGTON,GW,
SC0310002,ULMER TOWN OF (SC0310002),C,A,ALLENDALE,GW,
SC2830011,UNIMIN-OFFICE COMPLEX (2830011),NTNC,A,KERSHAW,GW,
SC4410001,UNION CITY OF (SC4410001),C,A,UNION,SW,
SC4570961,UNION STATION (SC4570961),NC,A,WILLIAMSBURG,GW,
SC0920001,UPPER CALHOUN/BELLEVILLE (0920001),C,A,CALHOUN,GW,
SC0920002,UPPER CALHOUN/SANDY RUN (SC0920002),C,A,CALHOUN,GW,
SC3230005,US SILICA (SC3230005),NTNC,A,LEXINGTON,GW,
SC3770650,USFS ANDREW PICKENS RS (SC3770650),NC,A,OCONEE,GW,
SC3770651,USFS CHERRY HILL REC AREA (SC3770651),NC,A,OCONEE,GW,
SC3770920,USFS WHETSTONE HORSE CAMP (SC3770920),NC,A,OCONEE,GW,
SC0220012,VALLEY PSA (SC0220012),C,A,AIKEN,GW,
SC3240001,VALMONT COATINGS INC  (SC3240001),NTNC,A,LEXINGTON,GW,
SC2510005,VARNVILLE TOWN OF (SC2510005),C,A,HAMPTON,GW,
SC3770300,VIEW AT THE PIER THE (SC3770300),C,A,OCONEE,SWP,
SC4670975,VILLAGE MARKET OF ROCK HILL LLC(4670975),NC,A,YORK,GW,
SC2070900,VISION CENTER (SC2070900),NC,A,FAIRFIELD,GW,
SC0670909,W W BODIFORD LEASE PROPERTY (SC0670909),NC,A,BARNWELL,GW,
SC1060014,WA BURBAGE TRAILER PARK 1 (1060014),C,A,CHARLESTON,GW,
SC1070958,WADMALAW ISLAND COMM CTR (SC1070958),NC,A,CHARLESTON,GW,
SC0210004,WAGENER TOWN OF (SC0210004),C,A,AIKEN,GW,
SC2260008,WAGON WHEEL FARM (2260008),NC,A,GEORGETOWN,GW,
SC3710004,WALHALLA CITY OF (SC3710004),C,A,OCONEE,SW,
SC3872012,WALKER & SON'S ENTERPRISES (3872012),NC,A,ORANGEBURG,GW,
SC3420002,WALLACE WATER COMPANY (SC3420002),C,A,MARLBORO,GW,
SC1510004,WALTERBORO CITY OF (1510004),C,A,COLLETON,GW,
SC2410003,WARE SHOALS TOWN OF (SC2410003),C,A,GREENWOOD,SWP,
SC0874007,WASSAMASSAW PLANTATION (SC0874007),NC,A,BERKELEY,GW,
SC0750002,WATER OAK UTILITY CO (SC0750002),C,A,BEAUFORT,SWP,
SC4660045,WATERLYNN DOWNS (SC4660045),C,A,YORK,GW,
SC4510007,WCWSA (SC4510007),C,A,WILLIAMSBURG,GW,
SC2570677,WEBB WILDLIFE CENTER (SC2570677),NC,A,HAMPTON,GW,
SC0750026,WELLS EAST S/D (SC0750026),C,A,BEAUFORT,GW,
SC0472001,WENDELLS DIPPING BRANCH (SC0472001),NC,A,ANDERSON,GW,
SC0420006,WEST ANDERSON W/D (0420006),C,A,ANDERSON,SWP,
SC3210004,WEST COLUMBIA CITY OF (SC3210004),C,A,LEXINGTON,SW,
SC0330005,WEST FRASER (SC0330005),NTNC,A,ALLENDALE,GW,
SC3710005,WEST UNION TOWN OF (3710005),C,A,OCONEE,SWP,
SC3710003,WESTMINSTER CITY OF (SC3710003),C,A,OCONEE,SW,
SC2130003,WESTROCK (SC2130003),NTNC,A,FLORENCE,GW,
SC1370300,WESTSIDE ESTATES APTS (SC1370300),C,A,CHESTERFIELD,GW,
SC0240004,WEYERHAEUSER COMPANY (SC0240004),NC,A,AIKEN,GW,
SC3770106,WHETSTONE ACADEMY (SC3770106),NTNC,A,OCONEE,GW,
SC4360021,WHISPERING PINES MHP (SC4360021),C,A,SUMTER,GW,
SC4660055,WHITLEY ESTATES (4660055),C,A,YORK,GW,
SC3610004,WHITMIRE TOWN OF (3610004),C,A,NEWBERRY,SW,
SC2380008,WHOLE FOOD MARKET 225 (2380008),NC,A,GREENVILLE,SWP,
SC1080065,WHOLE FOOD MARKET/MT PLEASANT (1080065),NC,A,CHARLESTON,SWP,
SC1080096,WHOLE FOODS MKT CHAS (SC1080096),NC,A,CHARLESTON,SWP,
SC3250097,WILD MEADOWS S/D (SC3250097),C,A,LEXINGTON,GW,
SC3770909,WILD WATER LTD (SC3770909),NC,A,OCONEE,GW,
SC3774004,WILDWATER LTD  FOLLOW UP WELL  SC3774004,NC,A,OCONEE,GW,
SC1571002,WILLIAMS FARM LABOR HOUSE (SC1571002),NTNC,A,COLLETON,GW,
SC1510003,WILLIAMS TOWN OF (SC1510003),C,A,COLLETON,GW,
SC0410010,WILLIAMSTON TOWN OF (SC0410010),C,A,ANDERSON,SWP,
SC0610002,WILLISTON TOWN OF (SC0610002),C,A,BARNWELL,GW,
SC4650004,WILLWOOD S/D (4650004),C,A,YORK,GW,
SC3770921,WIND RIVER LAND AND TIMBER INC (3770921),NC,A,OCONEE,GW,
SC0270907,WINDSOR GENERAL STORE (0270907),NC,A,AIKEN,GW,
SC1070963,WINDWOOD FARM HOME (SC1070963),C,A,CHARLESTON,GW,
SC2010001,WINNSBORO TOWN OF (2010001),C,A,FAIRFIELD,SW,
SC4060008,WINSOR VALLEY MHP (SC4060008),C,A,RICHLAND,GW,
SC3270932,WINTERGREEN WOODS (SC3270932),NC,A,LEXINGTON,GW,
SC4220007,WOODRUFF ROEBUCK W/D (SC4220007),C,A,SPARTANBURG,SW,
SC4070680,WOODSMOKE CAMPGROUND (SC4070680),NC,A,RICHLAND,GW,
SC4670976,WORTHY BOYS & GIRLS CAMP (SC4670976),NC,A,YORK,GW,
SC3870116,WRIGHT WAY CDC - VANCE  (SC3870116),NTNC,A,ORANGEBURG,GW,
SC2870209,WRIGHT WAY STORE 9 (2870209),NC,A,KERSHAW,GW,
SC0870922,WRIGHTS GROCERY (SC0870922),NC,A,BERKELEY,GW,
SC1470910,"WYBOO BURGER COMPANY, THE (SC1470910)",NC,A,CLARENDON,GW,
SC1450009,WYBOO WATER DEPT INC (SC1450009),C,A,CLARENDON,GW,
SC3270959,XPO INC-NCO (SC3270959),NC,A,LEXINGTON,GW,
SC2510006,YEMASSEE TOWN OF (SC2510006),C,A,HAMPTON,GW,
SC4610001,YORK CITY OF (SC4610001),C,A,YORK,SWP,
SC4620002,YORK COUNTY EAST WD (SC4620002),C,A,YORK,SWP,
SC4620003,YORK COUNTY WEST WD (SC4620003),C,A,YORK,SWP,
SC2470926,YOUNGS PRODUCE (SC2470926),NC,A,GREENWOOD,GW,
SC4679029,WHITESIDE GROCERY (SC4679029),NC,I,YORK,GW,
